sectionId,articleId,officeId,officeName,title,summary,link
100,0005204064,018,이데일리,靑 이전 재충돌…文 “마땅찮다” Vs 尹측 “예의 지켜야”,[이데일리 최훈길 기자] 문재인 대통령과 윤석열 대통령 당선인 측이 청와대 이전을 놓고 재충돌 했다. 내달 10일 취임을 앞두고 신구 권력 간 갈등이 증폭되는 양상이다. 대통령직 인수위원회 청와대이전태스크포스(TF),https://news.naver.com/main/read.naver?mode=LSD&mid=shm&sid1=100&oid=018&aid=0005204064
100,0001984962,016,헤럴드경제,"청와대 이전, 文 “적절한지 의문”에 尹측 “권위주의 권력 마지막 대통령, 예의 지켜라”",[헤럴드경제=문영규 기자] 윤석열 대통령 당선인측이 대통령 집무실의 용산 이전과 관련해 “적절한지 의문”이라며 부정적인 입장을 밝히자 “국민에게 예의를 지키라”며 맞섰다. 대통령직인수위원회 청와대이전TF(태스크포스),https://news.naver.com/main/read.naver?mode=LSD&mid=shm&sid1=100&oid=016&aid=0001984962
100,0011155048,003,뉴시스,"文 ""北 핵전력 높일수록 南 응징 능력 높여갈 수밖에""","기사내용 요약 文, 군 주요직위자 초청 오찬 간담회 마무리 발언 ""군, 北 넘어 열강에 침탈 당하지 않는 능력 가져야"" [서울=뉴시스]김태규 기자 = 문재인 대통령은 29일 ""북한을 넘어서서 세계 어느 열강으로부터도",https://news.naver.com/main/read.naver?mode=LSD&mid=shm&sid1=100&oid=003&aid=0011155048
100,0004828674,014,파이낸셜뉴스,"'병사월급 200만원 시대' 어렵다…윤희숙 전 의원, 공약 미룰 것 조언",[파이낸셜뉴스] 28일 밤 윤희숙 전 국민의힘 의원은 CBS라디오 '한판 승부'에 출연해 우리 경제 여건상 당장 '병사월급 200만원 시대' 열기가 어렵다며 윤석열 당선인에게 공약 이행을 뒤로 미룰 것을 조언했다. ,https://news.naver.com/main/read.naver?mode=LSD&mid=shm&sid1=100&oid=014&aid=0004828674
100,0004048432,011,서울경제,"민주, 사개특위 구성결의안도 단독 의결…'한국형FBI'도 밀어붙여","[서울경제] 검찰의 수사·기소권 분리, 이른바 ‘검수완박’ 법안을 둘러싼 여야 공방이 ‘사법개혁특별위원회(사개특위)’ 구성으로 번지는 모습이다. 더불어민주당이 중대범죄수사청(중수청) 설치를 논의할 사개특위 구성을 단",https://news.naver.com/main/read.naver?mode=LSD&mid=shm&sid1=100&oid=011&aid=0004048432
100,0011257831,056,KBS,"[최영일의 시사본부] 진성준 “한동훈 후보자 발언, 민주주의 질서 인정한다고 볼 수 없어…절대 임명돼선 안 돼”","- 인사청문회서 흠결 없는 후보 찾아볼 수 없어…인사검증 기준이란 게 있었나 - 한덕수, 자료제출 기피해 검증 피하려 한다면 인준 표결 통과 장담할 수 없을 것 - 한동훈, 장관 후보자의 발언이라고는 믿을 수 없는 ",https://news.naver.com/main/read.naver?mode=LSD&mid=shm&sid1=100&oid=056&aid=0011257831
100,0000539829,422,연합뉴스TV,[1번지 9단토크] '검수완박·국민투표' 대척점 선 여야…결말은?,"■ 방송 : <1번지 9단 토크> ■ 진행 : 정호윤 앵커 ■ 출연 : 김영우 전 국회의원 고수의 눈으로 정치 현안을 분석해보는 <9단 토크>, 오늘은 김영우 전 국회의원과 함께합니다. <질문 1> 이른바 '검수완박",https://news.naver.com/main/read.naver?mode=LSD&mid=shm&sid1=100&oid=422&aid=0000539829
100,0011155035,003,뉴시스,"원희룡 ""이런 일 재발하면 기업은 망해야 하고 공무원 감옥 가야"" [뉴시스Pic]",[서울=뉴시스] 류현주 기자 = 원희룡 대통령직인수위원회 기획위원장 겸 국토교통부 장관 후보자가 29일 광주 화정아이파크 붕괴 사고 현장을 찾았다. 원 위원장은 이날 광주 서구 화정아이파크 붕괴 현장을 둘러본 뒤 피,https://news.naver.com/main/read.naver?mode=LSD&mid=shm&sid1=100&oid=003&aid=0011155035
100,0003688478,023,조선일보,"시민 필버 나선 김경율 “검수완박 추진 민주당·정의당, 역사의 대죄인”","대한변협 ‘국민을 위한 검찰 개혁 입법 추진 변호사·시민 필리버스터’ 대한변호사협회가 더불어민주당이 ‘검수완박(검찰 수사권 완전 박탈)’ 법안 처리를 강행하려는 데 대한 반발 차원에서 필리버스터를 진행하는 가운데, ",https://news.naver.com/main/read.naver?mode=LSD&mid=shm&sid1=100&oid=023&aid=0003688478
100,0001193599,214,MBC,"17년 전 헤어진 동생, 한국군 도움으로 찾은 미군",미 군복을 입은 채 여성을 끌어안고 있는 남성. 질끈 감긴 두 눈에는 눈물이 흐르고 있습니다. 17년 전 미국에서 헤어졌던 오빠와 동생이 이역만리에서 다시 만나게 된 겁니다. 재회의 감격을 나누고 있는 남성의 이름은,https://news.naver.com/main/read.naver?mode=LSD&mid=shm&sid1=100&oid=214&aid=0001193599
100,0013147685,001,연합뉴스,"'검수완박'국민투표에 민주 ""꼼수…히틀러가 좋아하는 포퓰리즘""(종합)","윤호중 ""저열한 꼼수정치"" 박홍근 ""남탓이자 생떼, 연기 피우다 불속 떨어져"" 송영길 ""박정희 같은 사람이 좋아하는 것""…홍영표 ""법치주의에 정면 도전"" (서울=연합뉴스) 홍준석 기자 = 더불어민주당은 29일 윤석열",https://news.naver.com/main/read.naver?mode=LSD&mid=shm&sid1=100&oid=001&aid=0013147685
100,0003425681,020,동아일보,"주한미군, 용산 미군기지 13번 게이트 영구 폐쇄… 부지 반환 수순",주한미군이 29일 자정을 기해 용산 미군기지 13번 게이트를 영구 폐쇄한다. 용산 미군기지 남측 지역인 사우스포스트 남서쪽에 위치한 이 출입문은 한미가 다음달 20일 조 바이든 미 대통령 방한 전 반환에 합의한 부지,https://news.naver.com/main/read.naver?mode=LSD&mid=shm&sid1=100&oid=020&aid=0003425681
100,0011257829,056,KBS,인수위 “연금개혁 대타협 추진…만 1세 이하에 월 100만 원”,"대통령직 인수위원회가 ‘공적연금 개혁위원회’를 만들어 연금개혁에 대한 사회적 대타협을 추진하겠다고 밝혔습니다. 만 1세 이하 아동에게 월 100만 원 수준의 ‘부모 급여’ 지급, 노인 기초연금 지급액 인상, 근로장려",https://news.naver.com/main/read.naver?mode=LSD&mid=shm&sid1=100&oid=056&aid=0011257829
100,0011155028,003,뉴시스,"민주, 국힘 불참 운영위서 '중수청' 설치 사개특위 구성 강행 처리(종합)","기사내용 요약 국힘 반발에도 운영위 열어 정의당과 사개특위 구성 결의안 처리 검수완박 '마침표' 속도전…검찰청법서 빠진 중수청 우려 불식도 국힘 ""국회법 위반이자 입법독재"" vs 민주 ""원칙대로 강력하게"" [서울=뉴",https://news.naver.com/main/read.naver?mode=LSD&mid=shm&sid1=100&oid=003&aid=0011155028
100,0001522610,005,국민일보,“자영업자는 소고기 먹으면 안되나”…安 발언에 분노한 이들,안철수 대통령직인수위원장이 소상공인 지원금 차등 지급 방침을 놓고 “여유 있는 소상공인은 지원금으로 소고기를 사 먹었다”고 발언한 것에 대해 부적절한 예시라는 비판이 일고 있다. 안 위원장은 지난 28일 인수위 사무,https://news.naver.com/main/read.naver?mode=LSD&mid=shm&sid1=100&oid=005&aid=0001522610
100,0003688475,023,조선일보,민주 “尹 지역순회는 선거 개입” 인수위 “文은 총선때 수차례 방문”,"文대통령, 2020년 총선 前 4월만 6회 현장 방문 尹당선인도 지난 11일 TK 시작으로 거의 매주 지역 방문 윤석열 대통령 당선인이 잇달아 지역 순회 일정을 소화하는 것을 놓고 “명백한 선거 개입”이라고 비판했다",https://news.naver.com/main/read.naver?mode=LSD&mid=shm&sid1=100&oid=023&aid=0003688475
100,0013147673,001,연합뉴스,"국민의힘, 6·1 재보궐선거 공천 절차 개시","공관위 첫 회의…윤상현, 전략공천 질문에 ""나중에 봐서 할 것"" (서울=연합뉴스) 한지훈 이은정 기자 = 국민의힘은 29일 6·1 지방선거와 함께 치러지는 재보궐선거 후보 공천을 위한 첫 회의를 열었다. 윤상현 공관",https://news.naver.com/main/read.naver?mode=LSD&mid=shm&sid1=100&oid=001&aid=0013147673
100,0004739847,008,머니투데이,"文 ""우리의 안보현안은 北...방어·응징할 수 있는 능력 높여야""","[[the300]박경미 청와대 대변인 서면브리핑] 문재인 대통령이 29일 국방부 장관과 합동참모본부 의장 등 우리 군(軍) 주요직위자를 청와대에 초청해 오찬 간담회를 갖고 지난 5년간 추진해 온 군사대비태세 유지, ",https://news.naver.com/main/read.naver?mode=LSD&mid=shm&sid1=100&oid=008&aid=0004739847
100,0000539826,422,연합뉴스TV,"[여의도1번지] 민주, 사개특위 구성안 단독의결…국민의힘은 불참","■ 방송 : <여의도1번지> ■ 진행 : 정호윤, 이윤지 앵커 ■ 출연 :현근택 전 민주당 선대위 대변인, 김병민 전 국민의힘 선대본 대변인 <질문 1> 민주당은 내일 임시국회를 소집해 검찰청법을 통과시키고, 같은 ",https://news.naver.com/main/read.naver?mode=LSD&mid=shm&sid1=100&oid=422&aid=0000539826
100,0000970139,055,SBS,"원희룡 ""아파트 붕괴사고 재발 시 기업 망하고, 공무원 감옥 가야""","국토교통부 장관 후보자인 원희룡 대통령직인수위원회 기획위원장은 ""광주 화정아이파크 붕괴와 같은 사고가 다시 일어난다면 기업은 망해야 하고 공무원은 감옥에 가야 한다""는 입장을 내놨습니다. 원 위원장은 광주 화정아이파",https://news.naver.com/main/read.naver?mode=LSD&mid=shm&sid1=100&oid=055&aid=0000970139
100,0013147670,001,연합뉴스,"송현동 철문 연 오세훈 ""서울광장 3배 녹지…청와대와 연결""(종합)",담장 철거 후 7월께 개방…광화문∼북촌∼청와대 잇는 보행로 등 조성 (서울=연합뉴스) 임미나 기자 = 서울시가 '이건희 기증관'(가칭)이 들어서는 종로구 송현동 부지를 공사 전까지 시민들에게 개방한다. 서울시는 송현,https://news.naver.com/main/read.naver?mode=LSD&mid=shm&sid1=100&oid=001&aid=0013147670
100,0004048422,011,서울경제,"""한국군 도움으로 17년만에 여동생 찾았다""…한미훈련 참가 미군 대위의 가족상봉",[서울경제] 올해 전반기 한미연합지휘소훈련(CCPT)에 참가한 한 미군이 우리 군의 도움으로 17년 전 헤어진 여동생을 만나게 됐다. 29일 육군에 따르면 이번 훈련 증원요원으로 참가한 맨 왓슨(한국 이름 허만향) ,https://news.naver.com/main/read.naver?mode=LSD&mid=shm&sid1=100&oid=011&aid=0004048422
100,0000297350,437,JTBC,[뉴스썰기] 소고기 사 먹으니 차등지급? 안철수 발언 논란,"[3시 썰전 라이브│뉴스썰기] [강지영 아나운서] 벌써 4월의 마지막 금요일입니다. 오후 4시에는 이성대의 뉴스썰기입니다. 가보죠. [이성대 기자] 오늘(29일) 준비한 재료, 바로 보겠습니다. [안철수/대통령직인수",https://news.naver.com/main/read.naver?mode=LSD&mid=shm&sid1=100&oid=437&aid=0000297350
100,0013147650,001,연합뉴스,"민주 여가위원 ""김현숙 국회 무시 반복…실제 자료제출 29.4%""(종합)","김 후보자 측 ""민주당 요구 자료 1천27건…최선 다해 제출 중"" (서울=연합뉴스) 홍준석 기자 = 국회 여성가족위원회 소속 더불어민주당 국회의원들은 29일 김현숙 여가부 장관 후보자에 대해 인사검증 방해행위를 중단",https://news.naver.com/main/read.naver?mode=LSD&mid=shm&sid1=100&oid=001&aid=0013147650
100,0002273675,123,조세일보,"이준석, 이재명 인천 출마설에 ""분당 출마 용기 없는 거 아니냐""","이준석 국민의힘 대표는 29일 이재명 더불어민주당 상임고문의 6·1 보궐선거 인천 계양구을 출마설이 민주당 안팎에서 나오는 것을 두고 ""분당(갑)에 출마할 용기가 없는 것 아니냐""고 비아냥댔다. 이 대표는 이날 YT",https://news.naver.com/main/read.naver?mode=LSD&mid=shm&sid1=100&oid=123&aid=0002273675
100,0000672398,469,한국일보,"직원 상품권 구입, 술집서 결제... 업무추진비 '물 쓰듯' 쓴 대통령 위원회들","‘일반 직원 10만 원, 우수 직원과 퇴임 직원 30만 원.’ 대통령 소속 자문위원회 자치분권위원회는 2020년 12월 이같은 기준을 세우고, 260만 원어치 상품권을 11개 부서 직원들에게 격려 차원에서 나눠줬다.",https://news.naver.com/main/read.naver?mode=LSD&mid=shm&sid1=100&oid=469&aid=0000672398
100,0001733200,052,YTN,[뉴스큐] D-11 미리 보는 취임식...'새로운 대한민국' 슬로건,"■ 진행 : 김영수 앵커, 엄지민 앵커 ■ 출연 : 박주선 / 대통령취임준비위원장 * 아래 텍스트는 실제 방송 내용과 차이가 있을 수 있으니 보다 정확한 내용은 방송으로 확인하시기 바랍니다. [앵커] 새로운 대통령의",https://news.naver.com/main/read.naver?mode=LSD&mid=shm&sid1=100&oid=052&aid=0001733200
100,0004739829,008,머니투데이,"안철수 ""실외마스크 해제로 확진자 증가하면 누가 책임지나""","[[the300]] 안철수 대통령직인수위원회 위원장이 실외 마스크 해제에 대해 ""조심스럽게 판단해야 한다""며 재차 반대 의사를 밝혔다. 안 위원장은 29일 오후 서울 종로구 통의동 인수위 건물 앞에서 기자들과 만나 ",https://news.naver.com/main/read.naver?mode=LSD&mid=shm&sid1=100&oid=008&aid=0004739829
100,0000970133,055,SBS,"문 대통령 ""토론 없이 밀어붙이는 집무실 이전, 모순적""",[주영진의 뉴스브리핑] 인터뷰를 인용보도할 때는 프로그램명 'SBS <주영진의 뉴스브리핑>'을 정확히 밝혀주시기 바랍니다. 저작권은 SBS에 있습니다. ■ 방송 : SBS <주영진의 뉴스브리핑> 월~금 (14:00~,https://news.naver.com/main/read.naver?mode=LSD&mid=shm&sid1=100&oid=055&aid=0000970133
100,0005203927,018,이데일리,"실내 마스크 해제 언제쯤?…안철수 ""가을 변이 창궐 없으면""",[이데일리 최훈길 기자] 안철수 대통령직 인수위원장이 이르면 연내에 실내에서 마스크를 벗을 가능성을 제기했다. 9~10월에 코로나19 대유행이 없으면 실내에서도 마스크 규제를 해제할 수 있다는 것이다. 안철수 위원장,https://news.naver.com/main/read.naver?mode=LSD&mid=shm&sid1=100&oid=018&aid=0005203927
100,0000038270,586,시사저널,"文 ""北과 5년간 '천안함·연평도' 같은 군사 충돌 없었다…큰 성과""","""北 도발 수위 높아지는 등 한반도 위기 다시 엄중해질 수 있어"" 문재인 대통령은 현 정부의 5년간 안보 분야 성과에 대해 ""우리가 그동안 애써서 지켜온 평화와 안보 덕분에 우리 정부 5년 동안 단 한 건도 북한과 ",https://news.naver.com/main/read.naver?mode=LSD&mid=shm&sid1=100&oid=586&aid=0000038270
100,0013147621,001,연합뉴스,코 찌르는 대신 침 뱉는다…코로나19 타액검사키트 첫 허가,개인이 10분 만에 확인…30초간 침 모으고 가래 섞이지 않아야 (서울=연합뉴스) 계승현 기자 = 식품의약품안전처(식약처)는 29일 국내 처음으로 개인이 직접 타액(침)을 검체로 사용해 바이러스 감염 여부를 확인하는,https://news.naver.com/main/read.naver?mode=LSD&mid=shm&sid1=100&oid=001&aid=0013147621
100,0013147620,001,연합뉴스,"문 대통령 평산마을 사저 앞 첫 집회…주민 ""조용했으면""",(양산=연합뉴스) 김동민 기자 = 문재인 대통령 내외가 퇴임 후 거주할 경남 양산시 평산마을에서 한 단체가 29일 첫 집회를 했다. 자칭 '자유대한수호연합 부울경본부' 회원 50여명은 이날 문 대통령 사저 앞 100,https://news.naver.com/main/read.naver?mode=LSD&mid=shm&sid1=100&oid=001&aid=0013147620
100,0004048412,011,서울경제,윤희숙 직격…“난 배지 떼고 조사받아…정호영·김인철 사퇴하라”,[서울경제] 윤희숙 전 국민의힘 의원이 28일 ‘아빠찬스’ 의혹 등이 불거진 정호영 보건복지부 장관 후보자와 김인철 교육부 장관 후보자를 향해 “이 정도 물의를 일으켰으면 사회지도층으로서 조금 더 과하게 책임지는 모,https://news.naver.com/main/read.naver?mode=LSD&mid=shm&sid1=100&oid=011&aid=0004048412
100,0000756007,088,매일신문,"[속보] 안철수 ""분당갑 출마 전혀 생각해 본 적 없어""",안철수 대통령직인수위원회 위원장이 최근 제기되고 있는 경기 성남 분당갑 보궐선거 출마 하마평에 대해 일축했다. 분당갑은 김은혜 국민의힘 국회의원의 6.1 지방선거 경기도지사 출마에 따라 공석이 되는 지역구이다. 이에,https://news.naver.com/main/read.naver?mode=LSD&mid=shm&sid1=100&oid=088&aid=0000756007
100,0004048408,011,서울경제,국민연금 등 수술…인수위 '공적연금개혁위' 설치,"[서울경제] 대통령직인수위원회가 29일 윤석열정부에서 국민연금과 특수직연금인 공무원연금, 군인연금 등의 개혁을 추진하기로 확정했다. 안철수 인수위원장은 이날 서울 종로구 통의동 인수위원회에서 브리핑을 열고 이 같은 ",https://news.naver.com/main/read.naver?mode=LSD&mid=shm&sid1=100&oid=011&aid=0004048408
100,0005082191,277,아시아경제,'5년 후 또 다른 윤석열?'…민주 긴장하게 만든 '한동훈 키워드' 셋,한동훈 법무부 장관 후보자를 향한 더불어민주당의 견제와 비판 수위가 날로 높아가고 있다. 윤석열 대통령 당선인의 최측근이자 '검수완박(검찰 수사권 완전 박탈) 반대' 입장을 적극적으로 밝혀온 한 후보자가 새 정부의 ,https://news.naver.com/main/read.naver?mode=LSD&mid=shm&sid1=100&oid=277&aid=0005082191
100,0001522601,005,국민일보,전해철 “文정부 잘못했다 동의 어려워…검수완박 논의 필요”,전해철 행정안전부 장관이 “어떤 평가를 받을지는 시간이 지나서 객관적인 평가가 돼야 한다”며 문재인정부에 대한 부정적인 평가에 동의할 수 없다고 밝혔다. 전 장관은 29일 정부서울청사에서 열린 출입기자 오찬간담회에서,https://news.naver.com/main/read.naver?mode=LSD&mid=shm&sid1=100&oid=005&aid=0001522601
100,0004739815,008,머니투데이,"민주당, 국민의힘 불참 속 사개특위 구성안 단독 의결",[[the300]] 더불어민주당이 29일 오후 국회 운영위원회를 소집해 사법개혁특별위원회 구성안을 단독 의결했다. 민주당은 국민의힘의 합의 파기에도 신경쓰지 않고 기존 합의 내용대로 본회의까지 밀어붙이겠다는 계획이다,https://news.naver.com/main/read.naver?mode=LSD&mid=shm&sid1=100&oid=008&aid=0004739815
100,0005082187,277,아시아경제,"'전두환 부인' 이순자, 尹취임식 초청받아… ""취임식 관례""","윤석열 대통령 당선인 측이 내달 10일 열리는 취임식에 전두환 씨의 부인 이순자 씨를 초청하기로 밝혔다. 28일 연합뉴스TV에 따르면 대통령취임준비위원회 관계자는 이씨 초청과 관련해 ""전직 대통령 유족 자격으로 초청",https://news.naver.com/main/read.naver?mode=LSD&mid=shm&sid1=100&oid=277&aid=0005082187
101,0001028815,215,한국경제TV,힘 못 쓰는 삼성전자…공급 충격 버텨낸 애플,"<앵커> 삼성전자의 최대 스마트폰 경쟁 기업인 애플이 1분기 최대 실적을 기록했습니다. 삼성전자와 애플은 공급망 차질, 중국의 셧다운 등 같은 악재를 겪었는데요. 이러한 상황에서 두 회사의 실적과 주가는 사뭇 다른 ",https://news.naver.com/main/read.naver?mode=LSD&mid=shm&sid1=101&oid=215&aid=0001028815
101,0004048434,011,서울경제,한달 만에 돌아온 외국인…저가매수세에 4% 오른 삼성전자,[서울경제] 삼성전자(005930) 가 5개월여만에 4% 반등하며 일주일만에 6만 7000원선을 회복했다. 지난 한 달여간 하루도 빠짐없이 매도 공세를 펼쳤던 외국인들이 한 달여만에 처음으로 약 1000억원을 순매수,https://news.naver.com/main/read.naver?mode=LSD&mid=shm&sid1=101&oid=011&aid=0004048434
101,0000015510,262,신동아,“둔촌주공 사태? 시공사업단 잘못이 80%”,‘재건축의 신’ 한형기 조합장이 본 둔촌주공 사태 ●현대건설&#8231;HDC현대산업개발&#8231;대우건설&#8231;롯데건설 서울시 중재 거부 ●“계약서 재작성은 재건축 조합 당연한 권리” ●“시공사업단 빠지면 ,https://news.naver.com/main/read.naver?mode=LSD&mid=shm&sid1=101&oid=262&aid=0000015510
101,0000284157,374,SBS Biz,"“이재용 사면해달라” 삼성전자 협력사 207곳, 文대통령에 청원 제출",[법정 향하는 이재용 삼성 부회장 (사진=연합뉴스)] 삼성전자 협력회사들의 협의회(협성회) 소속 회원사 207곳이 이재용 삼성전자 부회장의 특별사면 복권을 요청하는 청원서를 청와대와 법무부에 제출했습니다. 협성회는 ,https://news.naver.com/main/read.naver?mode=LSD&mid=shm&sid1=101&oid=374&aid=0000284157
101,0011257836,056,KBS,10년간 몰랐던 614억 원 횡령…우리은행 돈 관리 어땠길래,■ 우리은행 A 차장 '614억 횡령' 혐의로 긴급체포 지난 27일 밤 서울 남대문경찰서에 우리은행 기업개선부 소속 차장급 직원인 44살 남성 A씨가 찾아와 횡령 혐의를 시인했습니다. A 씨가 회삿돈 614억 원을 ,https://news.naver.com/main/read.naver?mode=LSD&mid=shm&sid1=101&oid=056&aid=0011257836
101,0011155044,003,뉴시스,[우리은행 미스터리②]횡령금액 도대체 얼마?…최고경영진 책임론,기사내용 요약 횡령금액 500억원대→614억원...믿을 수 있나 서류 위조?...범행 수법도 '오리무중' 책임자는 누구...최고 경영진 책임론 [서울=뉴시스]이주혜 박은비 기자 = 우리은행 직원이 회삿돈을 빼돌린 금,https://news.naver.com/main/read.naver?mode=LSD&mid=shm&sid1=101&oid=003&aid=0011155044
101,0004739856,008,머니투데이,"오세훈 ""송현동 '녹지광장'으로 변신, 7월까지 끝낸다""","오세훈 서울시장이 29일 오후 서울 종로구 송현동 부지의 녹지 공간 조성을 위한 담장 철거 착수 현장을 찾아 ""개방 준비 작업을 최대한 서둘러 광화문 광장이 개장되는 7월부터는 (시민이) 이용할 수 있도록 준비하겠다",https://news.naver.com/main/read.naver?mode=LSD&mid=shm&sid1=101&oid=008&aid=0004739856
101,0004828672,014,파이낸셜뉴스,가덕도 신공항 예타 면제에도 불씨 여전...또 유령공항 늘어나나,[파이낸셜뉴스] 동남권 지역의 숙원인 '가덕도 신공항' 건설사업의 예비타당성 조사(예타) 면제가 최종 확정됐지만 진통은 계속될 전망이다. 신공항 건설 사업비가 문재인 정부에서 프리 패스를 받은 모든 국책사업들의 사업,https://news.naver.com/main/read.naver?mode=LSD&mid=shm&sid1=101&oid=014&aid=0004828672
101,0000007681,648,비즈니스워치,"동국제강 깜짝실적 대열 합류…""이젠 해외로""",동국제강이 올 1분기 철강사들의 깜짝 실적 대열에 합류했다. 원자재 가격 인상 등 각종 악재 속에서도 수익성을 방어하며 시장 전망치보다 약 30% 상회한 영업이익을 기록했다. 동국제강이 지분 30%를 보유한 CSP(,https://news.naver.com/main/read.naver?mode=LSD&mid=shm&sid1=101&oid=648&aid=0000007681
101,0002599487,119,데일리안,"삼성전자 노사, 임금 인상률 9% 최종합의…유급휴가 3일 신설","[데일리안 = 이건엄 기자] 삼성전자 노사가 올해 평균 임금 인상률 9%로 최종 합의안을 도출했다. 29일 업계에 따르면 삼성전자 노사협의회는 이날 오전 직원 공지문을 통해 ""2022년 전 사원의 평균 임금 인상률이",https://news.naver.com/main/read.naver?mode=LSD&mid=shm&sid1=101&oid=119&aid=0002599487
101,0006062480,421,뉴스1,尹정부 출범 초부터 연금개혁 드라이브…'연금개혁위' 설치하고 공론화,"(세종=뉴스1) 박기락 기자 = 고갈 시기가 다가오는 연금 제도를 손보기 위해 사회적 합의를 이루기 위한 기구가 새 정부에 설치된다. 논의 단계를 넘어서지 못한 역대 정부들과 달리, 정권 초기부터 공론화 과정을 통해",https://news.naver.com/main/read.naver?mode=LSD&mid=shm&sid1=101&oid=421&aid=0006062480
101,0000007680,648,비즈니스워치,"현대중공업그룹, 현대오일뱅크에 눈길 간다",현대중공업그룹이 지난 1분기 러시아-우크라이나 전쟁과 코로나19 확산으로 위축된 중국 시장 탓에 주춤했다. 주요 계열사 대부분이 이같은 대외 변수 여파로 부진한 실적을 내놨다. 다만 정유 사업을 하는 현대오일뱅크는 ,https://news.naver.com/main/read.naver?mode=LSD&mid=shm&sid1=101&oid=648&aid=0000007680
101,0005203989,018,이데일리,"[단독]""격려금도 포함시켜야"" 롯데카드, 퇴직금 소송서 패소",[이데일리TV 이혜라 기자] 롯데카드가 지난 2020년 퇴직한 직원과 진행해 온 퇴직금 지급 관련 소송에서 일부 패소했다. 소송 결과에 따라 퇴직금을 추가로 지급할 퇴직자 수가 600여명에 달하는 것으로 나타났다. ,https://news.naver.com/main/read.naver?mode=LSD&mid=shm&sid1=101&oid=018&aid=0005203989
101,0000007679,648,비즈니스워치,"[기자수첩]우리은행, 10년간 무엇을 했나",올해는 굵직한 회사들의 '횡령' 사건이 연이어 시장을 달구고 있다. 오스템임플란트 자금담당 직원이 자본금의 90%에 해당하는 2215억원이라는 돈을 횡령한 것이 대표적이다. 우여곡절끝에 오스템임플란트의 거래가 재개되,https://news.naver.com/main/read.naver?mode=LSD&mid=shm&sid1=101&oid=648&aid=0000007679
101,0000672405,469,한국일보,"러시아군의 천인공노할 성범죄에, 유엔 기구 우크라에 응급피임약 보내",유럽 비영리단체와 구호 활동가들이 우크라이나로 응급피임약을 보내고 있다. 러시아군의 반인륜적 범죄 희생양이 된 우크라이나 여성들이 원치 않는 임신이라는 또 다른 고통에 빠지지 않도록 하기 위해서다. 21세기 추악한 ,https://news.naver.com/main/read.naver?mode=LSD&mid=shm&sid1=101&oid=469&aid=0000672405
101,0001522612,005,국민일보,“새벽 2시 혼자 달리는 여자가 어딨냐”… 삼성 광고 뭇매,삼성 갤럭시의 영상 광고가 영국 언론과 여성 단체들로부터 뭇매를 맞았다. 여성이 새벽 2시 도심에서 혼자 달린다는 내용이 여성의 안전에 둔감한데서 비롯된 비현실적인 설정이라는 이유에서다. 현지에서 비난 여론이 커지자,https://news.naver.com/main/read.naver?mode=LSD&mid=shm&sid1=101&oid=005&aid=0001522612
101,0005203982,018,이데일리,"""생산량 넉넉한데"" 인니가 팜유 수출금지한 이유는[궁즉답]",이데일리는 독자들이 궁금해하는 정치·경제·사회·문화 등 여러 분야의 질문을 담당기자들이 상세하게 답변드리는 ‘궁금하세요? 즉시 답해드립니다’(궁즉답) 코너를 연재합니다. <편집자 주> (사진=AFP) Q. 세계 최대,https://news.naver.com/main/read.naver?mode=LSD&mid=shm&sid1=101&oid=018&aid=0005203982
101,0003688480,023,조선일보,영끌족 안심? “한국은 고금리 걱정안해도 될 것”,[방현철 박사의 머니머니] 문홍철 “한은 금리 인상은 연 2%에서 멈출 것” 29일 오후 5시 조선일보의 경제 유튜브 채널 ‘조선일보 머니’와 조선닷컴을 통해 공개된 ‘방현철 박사의 머니머니’에선 문홍철 DB금융투자,https://news.naver.com/main/read.naver?mode=LSD&mid=shm&sid1=101&oid=023&aid=0003688480
101,0005203971,018,이데일리,(영상)오스템 이어 우리은행까지...내부통제 도마 위,29일 이데일리TV 빅머니 1부 '뉴스 in 이슈' 방송. [이데일리TV 이혜라 기자] 29일 이데일리TV 빅머니1부 ‘뉴스 in 이슈’에서는 우리은행 직원의 614억원 횡령 사건에 대해 다뤘다. 금융권과 경찰 등에,https://news.naver.com/main/read.naver?mode=LSD&mid=shm&sid1=101&oid=018&aid=0005203971
101,0004957247,009,매일경제,"삼성전자, 외국인 귀환에 4%↑…증권가 ""주가 바닥권 진입""",삼성전자 주가가 6거래일 만에 반등에 성공했다. 외국인 매수에 힘입어 4%대 상승 마감했다. 증권가에서는 주가가 바닥권에 진입한 것으로 보고 악재보다 호재에 민감하게 반응할 것으로 전망했다. 29일 한국거래소에 따르,https://news.naver.com/main/read.naver?mode=LSD&mid=shm&sid1=101&oid=009&aid=0004957247
101,0000669608,031,아이뉴스24,"""끝났다 코로나""…서울 공실률 '뚝뚝', 새 점포 오픈 러시","신종 코로나바이러스 감염증(코로나19) 사태가 본격적인 진정세에 접어들고, 사회적 거리두기 제한이 크게 완화하면서 오피스·상권시장에 기대감이 그대로 반영되고 있다. 오피스 공실률은 점점 떨어지고, 서울 대표 상권에는",https://news.naver.com/main/read.naver?mode=LSD&mid=shm&sid1=101&oid=031&aid=0000669608
101,0000808710,417,머니S,"정무위원장 만난 삼성화재 등 보험사 CEO들, 어떤 얘기 꺼냈나?","삼성화재와 현대해상, DB손해보험 등 손해보험사 최고경영자(CEO)들이 국회 정무위원장에게 ""실손의료보험 청구 간소화 해달라""고 요청했다. 지난 2021년에 이어 2년째 비슷한 이야기를 되풀이했다. 29일 보험업계에",https://news.naver.com/main/read.naver?mode=LSD&mid=shm&sid1=101&oid=417&aid=0000808710
101,0000669604,031,아이뉴스24,"""삼성전자 벽 너무 높네""…'왕좌' 뺏긴 인텔, 1분기 실적 기대치 하회","글로벌 반도체 강자 인텔이 올해 1분기에도 삼성전자의 벽을 넘어서지 못하고 매출 2위에 머물렀다. 그동안 지속된 높은 인플레이션과 공급망 이슈, 중국 코로나19 봉쇄, 우크라이나 사태, PC 수요 감소까지 더해진 탓",https://news.naver.com/main/read.naver?mode=LSD&mid=shm&sid1=101&oid=031&aid=0000669604
101,0001028810,215,한국경제TV,같은 듯 다른 韓美 대표주 [심층분석],"<앵커> 한미 증시 상황 분석 조금 더 이어가 보겠습니다. 증권부 홍헌표 기자, 글로벌콘텐츠부 이지효 기자 나와 있습니다. 우리와 미국 양시장 모두 지금 관심이 가장 뜨거운 게 반도체와 기술주들입니다. 삼성전자가 오",https://news.naver.com/main/read.naver?mode=LSD&mid=shm&sid1=101&oid=215&aid=0001028810
101,0000669603,031,아이뉴스24,"""생존권 위협""…삼성전자 협력사, 이재용 특별사면 청원서 제출",삼성전자 협력사들이 이재용 삼성전자 부회장의 사면을 촉구하는 청원서를 제출했다. 이 부회장의 경영 공백으로 인해 협력사들이 생존권을 위협받고 있다는 주장이다. 삼성전자 협력회사 협의회(협성회)는 29일 이 부회장의 ,https://news.naver.com/main/read.naver?mode=LSD&mid=shm&sid1=101&oid=031&aid=0000669603
101,0001153384,082,부산일보,"[과기정통 뉴스] 크래프톤 재직 KAIST 전산학부 동문 17명, 모교에 1억 원 기부 外","◆크래프톤 재직 KAIST 전산학부 동문 17명, 모교에 1억 원 기부 한국과학기술원(KAIST) 전산학부 출신이 창업한 게임업체 크래프톤에서 재직 중인 전산학부 동문 17명이 후배들을 위해 1억 원을 기부했다. 2",https://news.naver.com/main/read.naver?mode=LSD&mid=shm&sid1=101&oid=082&aid=0001153384
101,0000284153,374,SBS Biz,내일부터 軍 외박·외출 완전히 풀린다…신병수료식도 재개,[군 장병들 (※ 위 사진은 기사 내용과 무관합니다 / 연합뉴스 자료사진)] 코로나19로 2년 넘게 막혔던 병사 외박이 완전히 풀립니다. 오늘(29일) 복수의 군 관계자에 따르면 국방부는 내일부터 외박과 주말 외출을,https://news.naver.com/main/read.naver?mode=LSD&mid=shm&sid1=101&oid=374&aid=0000284153
101,0013147671,001,연합뉴스,'11억 로또' 과천위버필드 4가구 내달 9일 무순위 청약(종합),자격은 과천 거주 무주택 세대주…전세 끼고 잔금 납부 가능 (서울=연합뉴스) 홍국기 기자 = 다음 달 경기도 과천시에서 당첨될 경우 11억원 이상의 시세 차익이 예상되는 청약 물량이 나온다. 29일 한국부동산원 청약,https://news.naver.com/main/read.naver?mode=LSD&mid=shm&sid1=101&oid=001&aid=0013147671
101,0011155018,003,뉴시스,[핫스탁]삼성전자·SK하이닉스·화장품주(종합),"기사내용 요약 삼성전자, 실적 발표 후 6거래일 만에 반등 SK하이닉스도 실적 발표 뒤 저가 매수세 마스크 착용 의무 해제에 화장품주 급등 [서울=뉴시스]최현호 기자 = ◇삼성전자=삼성전자가 분기 기준 역대 최대 실",https://news.naver.com/main/read.naver?mode=LSD&mid=shm&sid1=101&oid=003&aid=0011155018
101,0011155017,003,뉴시스,구두개입 먹혔나…원달러 환율 1250원대로(종합),기사내용 요약 1270원 고점 인식 커지며 급락 [서울=뉴시스] 류난영 기자 = 위험선호 심리 회복과 더이상 추가 상승이 어려울 것이란 판단이 이어지면서 원·달러 환율이 하룻 새 16원 넘게 급락하는 등 1250원대,https://news.naver.com/main/read.naver?mode=LSD&mid=shm&sid1=101&oid=003&aid=0011155017
101,0011155015,003,뉴시스,금감원장 긴급회의…우리銀 회계법인 감리 작업 돌입(종합),기사내용 요약 정은보 원장 주재 부원장·부원장보 긴급회의 소집해 우리은행 수시검사 이어 '회계법인 감리' 실시하기로 [서울=뉴시스] 류병화 기자 = 금융감독원이 우리은행에서 발생한 대규모 횡령 사태와 관련해 내부 긴,https://news.naver.com/main/read.naver?mode=LSD&mid=shm&sid1=101&oid=003&aid=0011155015
101,0004692428,015,한국경제,"오랜만에 시식하러 마트 갔다가…""세상이 바뀌었다"" 깜짝 [현장+]",사회적 거리두기 전면 해제 이후 대형마트 시식코너는 몰리는 사람들로 부쩍 활기를 띠고 있다. 하지만 상당수 소비자는 치솟은 가격표를 확인하고는 깜짝 놀라워했다. 최근 주요 식품업체가 원재료·제반 비용 인상 등의 이유,https://news.naver.com/main/read.naver?mode=LSD&mid=shm&sid1=101&oid=015&aid=0004692428
101,0001733214,052,YTN,'식량 안보 방파제' 밀 비축 기지 첫 공개...밀 자급률 0.8%,[앵커] 러시아의 우크라이나 침공 사태가 장기화하면서 밀 가격의 고공행진이 어디가 끝인지 모르게 계속되고 있습니다. 최근 수입 밀의 가격이 2008년 글로벌 금융위기 이후 처음으로 t당 400달러 선을 넘었는데요. ,https://news.naver.com/main/read.naver?mode=LSD&mid=shm&sid1=101&oid=052&aid=0001733214
101,0006062435,421,뉴스1,"""시멘트稅 대신 상생기금"" 업계현장에 '尹의 남자들' 뜬 까닭은",(서울=뉴스1) 구교운 기자 = 권성동 국민의힘 원내대표 등 '윤석열의 남자들'이 '검수완박' 등 바쁘게 돌아가는 국회 일정에도 시멘트업계의 지역사회공헌 상생기금 관리위원회 발대식에 대거 출동했다. 더불어민주당 등에,https://news.naver.com/main/read.naver?mode=LSD&mid=shm&sid1=101&oid=421&aid=0006062435
101,0004739838,008,머니투데이,삼성重 1Q 영업적자 949억원..흑전 목표 보인다,삼성중공업은 1분기 영업적자 949억원을 기록하며 적자폭을 줄였다고 29일 공시했다. 이 기간 매출액은 1조8465억원으로 20% 줄었다. 지난해 말 대형 해양 프로젝트인 코랄(Coral) FLNG(액화천연가스설비가,https://news.naver.com/main/read.naver?mode=LSD&mid=shm&sid1=101&oid=008&aid=0004739838
101,0004739837,008,머니투데이,"뉴스케일파워, 美 증시 상장…일찍 알아봤던 두산에너빌리티, 차익 기대",두산에너빌리티가 투자한 뉴스케일파워가 다음달 3일부터 나스닥에 상장된다. 뉴스케일파워는 28일(현지시간) 기업인수목적회사인 스프링밸리(Spring Valley Acquisition Corporation)가 개최한 주,https://news.naver.com/main/read.naver?mode=LSD&mid=shm&sid1=101&oid=008&aid=0004739837
101,0013147666,001,연합뉴스,"화천대유, 성남도개공에 ""사업이행보증금 72억원 돌려달라"" 소송","부당이득 환원 목적 '귀속' 통보에 ""사법부 판단 전인데 부당"" 맞서 (성남=연합뉴스) 이우성 기자 = 성남도시개발공사(성남도개공)가 대장동 개발사업 부당이득 환수 방안의 하나로 시행사가 납부한 사업이행보증금 72억",https://news.naver.com/main/read.naver?mode=LSD&mid=shm&sid1=101&oid=001&aid=0013147666
101,0000284152,374,SBS Biz,"‘뿔난’ 아워홈 노조 “구본성, 1000억 배당 요구 어이없어”","구본성 전 아워홈 부회장이 아워홈에 새 이사진 선임하기 위한 임시주주총회 소집을 요청한 가운데, 노동조합도 비판 입장을 냈습니다. 한국노총 전국식품산업연맹노동조합 소속 아워홈 노조는 전날(28일) 성명을 내고 ""코로",https://news.naver.com/main/read.naver?mode=LSD&mid=shm&sid1=101&oid=374&aid=0000284152
101,0005082206,277,아시아경제,"SK바이오사이언스, 국산 코로나 백신 '스카이코비원' 허가 신청",SK바이오사이언스가 개발한 국내 최초의 코로나19 백신 '스카이코비원멀티주'가 국내 승인 절차에 돌입했다. SK바이오사이언스는 자체 개발한 코로나19 백신 후보물질 ‘GBP510’의 임상 3상이 성공적으로 마무리됨에,https://news.naver.com/main/read.naver?mode=LSD&mid=shm&sid1=101&oid=277&aid=0005082206
101,0000808701,417,머니S,"110년 금단의 땅 '송현동 부지', 하반기 녹지광장으로 변신","경복궁 바로 옆, 서울도심 한복판에 자리 잡고 있지만 110년 넘게 높은 담장에 둘러싸여 들여다볼 수조차 없었던 '송현동 부지' 3만7117㎡가 대규모 녹지광장으로 변신해 올 하반기 시민 품으로 돌아온다. 서울시는 ",https://news.naver.com/main/read.naver?mode=LSD&mid=shm&sid1=101&oid=417&aid=0000808701
102,0011155046,003,뉴시스,'강제로 먹이다 장애인 사망' 사회복지사 징역 4년,[인천=뉴시스] 이루비 기자 = 인천 연수구의 장애인 주간보호센터에서 1급 중증장애인(20대)에게 강제로 음식물을 먹여 기도 폐쇄에 따른 질식으로 숨지게 한 혐의로 재판에 넘겨진 사회복지사가 실형을 선고받았다. 인천,https://news.naver.com/main/read.naver?mode=LSD&mid=shm&sid1=102&oid=003&aid=0011155046
102,0002588792,028,한겨레,중소상인·자영업자들 “대선 공약 파기…손실보상 소급적용하라”,중소상공인·자영업자들이 전날 대통령직 인수위원회(인수위)가 발표한 '코로나19 소상공인 손실보상안'을 규탄하는 기자회견을 열었다. 이들은 인수위의 안이 손실보상율&#8231;피해지원금액 등 실질적인 내용이 제시되지 ,https://news.naver.com/main/read.naver?mode=LSD&mid=shm&sid1=102&oid=028&aid=0002588792
102,0013147710,001,연합뉴스,"우리은행 직원 ""횡령금 동생 사업에 투자""…경찰, 구속영장 신청(종합)","경찰, ""동생 사업에 투자했다가 손실"" 진술 등 토대로 자금추적 횡령액 614억, 형제가 나눠 사용한 듯…동생도 조사 마치면 영장 신청 방침 (서울=연합뉴스) 김치연 기자 = 우리은행 직원이 회삿돈 614억원을 횡령",https://news.naver.com/main/read.naver?mode=LSD&mid=shm&sid1=102&oid=001&aid=0013147710
102,0003143858,032,경향신문,"[단독]김인철 후보자, 한국외대 총장 시절 수당 체불 등으로 신고 당해",[경향신문] 김인철 부총리 겸 교육부 장관 후보자가 한국외대 총장으로 재직할 때 이 대학과 관련해 총 13건의 노동사건 신고가 고용노동부에 접수된 것으로 확인됐다. 이 가운데 7건은 김 후보자를 상대로 한 진정이었는,https://news.naver.com/main/read.naver?mode=LSD&mid=shm&sid1=102&oid=032&aid=0003143858
102,0003688481,023,조선일보,[오늘의 운세]  4월 30일 토요일 (음력 3월 30일 癸丑),36년생 나들이는 다음에 하라. 48년생 사막에 씨 뿌린다고 꽃 피울까. 60년생 재물은 들어오나 모이지 않는다. 72년생 남편이 건물이라면 아내는 간판. 84년생 장애물이 가로막아도 두려워 마라. 96년생 누런색과,https://news.naver.com/main/read.naver?mode=LSD&mid=shm&sid1=102&oid=023&aid=0003688481
102,0004692430,015,한국경제,"""보조금 투명하게 관리""…윤미향, 공소사실 재차 부인","기부금품법 위반, 사기 등 혐의로 기소된 윤미향 의원이 29일 서울서부지법에서 열린 11차 공판에서 공소사실을 재차 전면 부인했다. 검찰은 2020년 9월 정의기억연대(정의연)와 한국정신대문제대책협의회(정대협) 횡령",https://news.naver.com/main/read.naver?mode=LSD&mid=shm&sid1=102&oid=015&aid=0004692430
102,0000297354,437,JTBC,"[3시 썰전라이브] '나 홀로 마스크' 효과 있을까?…""감염자는 꼭 써야""","■ 인용보도 시 프로그램명 'JTBC 썰전 라이브'를 밝혀주시기 바랍니다. 저작권은 JTBC에 있습니다. ■ 방송 : JTBC 썰전 라이브 / 진행 : 강지영 [앵커] 오늘(29일) 오전, 정부가 다음 주 월요일부터",https://news.naver.com/main/read.naver?mode=LSD&mid=shm&sid1=102&oid=437&aid=0000297354
102,0011155036,003,뉴시스,'안심번호 오염 의혹'에도 민주당 담양군수 경선 강행(종합),기사내용 요약 당초대로 김정오·이병노·최화삼 경선 여론조사 왜곡·안심번호 오염 논란 여전 [무안=뉴시스]맹대환 기자 = 여론조사 조작 의혹이 불거져 경선이 보류됐던 더불어민주당 전남 담양군수 예비후보 경선이 당초대로,https://news.naver.com/main/read.naver?mode=LSD&mid=shm&sid1=102&oid=003&aid=0011155036
102,0001193602,214,MBC,"'614억 횡령' 친동생 공범‥""동생 사업에 투자""","[5시뉴스] ◀ 앵커 ▶ 우리은행에서 벌어진 6백억대 횡령 사건을 수사 중인 경찰이, 먼저 체포된 직원의 친동생도 공범으로 보고 긴급체포했습니다. 경찰은 ""횡령금을 동생의 사업과 선물옵션에 투자했다""는 진술을 확보하",https://news.naver.com/main/read.naver?mode=LSD&mid=shm&sid1=102&oid=214&aid=0001193602
102,0006062470,421,뉴스1,'끓는 물까지 부은 패륜'…70대 부모 상습 폭행  40대 2심 형량 높아져,(강원=뉴스1) 이종재 기자 = 상습적으로 부모를 폭행하고 자신의 화를 주체하지 못해 끓는 물까지 머리에 부은 40대 아들에게 실형이 선고됐다. 춘천지법 제1형사부(김청미 부장판사)는 존속상해·노인복지법 위반 혐의로,https://news.naver.com/main/read.naver?mode=LSD&mid=shm&sid1=102&oid=421&aid=0006062470
102,0004957249,009,매일경제,"""일찍 취업했으면 못 받나요?""…서울시 청년수당, 논란 이유는","청년 2만명에 최대 6개월간 50만원씩 지원 타 지역 청년, 조기취업자 ""상대적 박탈감"" 서울시가 미취업 청년들에 최대 300만원에 달하는 청년수당을 지급하기로 하자 논란이 일고 있다. 시는 청년들이 취업에 더 집중",https://news.naver.com/main/read.naver?mode=LSD&mid=shm&sid1=102&oid=009&aid=0004957249
102,0003191470,025,중앙일보,[속보] 경찰 '614억 횡령' 우리은행 직원 구속영장 신청,경찰이 우리은행에서 세 차례에 걸쳐 회삿돈 614억원을 횡령한 혐의를 받는 직원에 대해 구속영장을 신청했다. 29일 경찰에 따르면 서울 남대문경찰서는 이날 오후 특정경제범죄가중처벌등에관한법률(특경법)상 횡령 혐의를 ,https://news.naver.com/main/read.naver?mode=LSD&mid=shm&sid1=102&oid=025&aid=0003191470
102,0000297353,437,JTBC,[영상] 사재기부터 의무 착용 해제까지…566일 만에 실외서 마스크 벗는다,"2020년 1월, 신종 코로나바이러스 감염증(코로나19) 공포가 전국을 뒤덮었습니다. 마스크 공급 부족과 함께 마스크를 미리 산 뒤 웃돈을 얹어 파는 이들까지 나오면서 마스크 대란이 일었습니다. 2020년 3월 정부",https://news.naver.com/main/read.naver?mode=LSD&mid=shm&sid1=102&oid=437&aid=0000297353
102,0006062467,421,뉴스1,"'검수완박 반대' 대학 1학년 ""동아리 보다 못한 국회 의결""…시민필비 지속","(서울=뉴스1) 정혜민 기자 = ""대학교 동아리 정모(정기모임)를 해도 20분은 소요가 됩니다. 이런 중차대한 법률안을, 여러 이견 있으니 조정해보자 하는 안건조정위 자리를 17분 만에 라면 하나 끓여 먹을 시간에 ",https://news.naver.com/main/read.naver?mode=LSD&mid=shm&sid1=102&oid=421&aid=0006062467
102,0004828666,014,파이낸셜뉴스,'검수완박'에 일반인도 나섰다...대학생 등 변협 필리버스터 연설,[파이낸셜뉴스] 이른바 '검수완박'(검찰 수사권 완전 박탈) 법안이 국회 본회의에 상정된 가운데 일선 검사 뿐만 아니라 대학생 등 일반인들도 반대 목소리를 냈다. 29일 법조계에 따르면 대한변호사협회는 전날 오후 2,https://news.naver.com/main/read.naver?mode=LSD&mid=shm&sid1=102&oid=014&aid=0004828666
102,0001984957,016,헤럴드경제,[속보]내주부터 ‘학교 일상회복’…실외 체육수업때 마스크 안써도 된다,"[헤럴드경제=장연주 기자] 다음 달부터 학교 일상회복이 본격 추진되면서, 실외 체육수업때 마스크를 착용하지 않아도 된다. 또 23일부터는 체험학습이나 수학여행 때도 마스크 착용 의무가 해제된다. 교육부는 내달 2일 ",https://news.naver.com/main/read.naver?mode=LSD&mid=shm&sid1=102&oid=016&aid=0001984957
102,0011155026,003,뉴시스,"""슈퍼 콘크리트로 지으면 튼튼"" 4억여원 가로챈 사기꾼",[제주=뉴시스] 양영전 기자 = 사기 혐의로 징역형 처벌을 받은 뒤 집행유예 기간에 또 다시 같은 범죄를 저지른 40대가 결국 실형에 처해졌다. 29일 법조계에 따르면 제주지법 형사1단독 강동훈 판사는 사기 혐의로 ,https://news.naver.com/main/read.naver?mode=LSD&mid=shm&sid1=102&oid=003&aid=0011155026
102,0000358372,448,TV조선,"주말 서울 종로서 연등회 행사로 교통통제…""버스 정류장도 임시 변경""","3년 만에 다시 열리는 부처님오신날 연등회와 관련해, 내일(30일) 낮부터 다음날 새벽까지 서울 종로의 일부 도로가 통제되고 버스정류장 위치도 일부 변경된다. 서울시는 내일(30일) 오후 1시부터 이튿날 오전 3시까",https://news.naver.com/main/read.naver?mode=LSD&mid=shm&sid1=102&oid=448&aid=0000358372
102,0003191466,025,중앙일보,"검찰구성원 3000여명 호소문 “국회의장, 국민위한 결정해달라”",검찰이 ‘검수완박(검찰수사권 완전박탈)’ 입법 추진과 관련해 검찰 구성원 3000여명의 우려 목소리를 모아 박병석 국회의장에게 전달했다. 대검은 29일 검찰 구성원 3000여명이 보내온 호소문을 모아 전날 박 의장 ,https://news.naver.com/main/read.naver?mode=LSD&mid=shm&sid1=102&oid=025&aid=0003191466
102,0004692429,015,한국경제,"[속보] 경찰, '회삿돈 614억 횡령' 우리은행 직원 구속영장 신청",우리은행에서 6년간 세 차례에 걸쳐 회삿돈 600억원대를 횡령한 혐의를 받는 직원에 대한 구속영장이 청구됐다. 29일 경찰에 따르면 서울 남대문경찰서는 특정경제범죄가중처벌등에관한법률(특경법)상 횡령 혐의를 받는 우리,https://news.naver.com/main/read.naver?mode=LSD&mid=shm&sid1=102&oid=015&aid=0004692429
102,0000970140,055,SBS,"[Pick] 장애인 친형 살해한 60대, 쓰러진 형 두고 또 술 사러 나갔다",▲ 위 사진은 기사 내용과 직접적인 관련이 없습니다. 음주 문제로 말다툼을 벌이다 장애인인 친형을 살해한 혐의를 받는 60대 남성이 항소심에서도 징역 18년을 선고받았습니다. 오늘(29일) 서울고법 형사7부(부장판사,https://news.naver.com/main/read.naver?mode=LSD&mid=shm&sid1=102&oid=055&aid=0000970140
102,0003425680,020,동아일보,"“아이돌보미가 8개월 아기 집어던져”…경찰, 수사 착수",지방자치단체가 위탁한 업체 소속 아이돌보미가 생후 8개월 아기를 학대했다는 의혹이 제기돼 경찰이 수사에 나섰다. 29일 광주 동부경찰서는 동구청 민간위탁업체 소속 아이돌보미 A 씨를 아동복지법 위반(아동학대) 혐의로,https://news.naver.com/main/read.naver?mode=LSD&mid=shm&sid1=102&oid=020&aid=0003425680
102,0011155024,003,뉴시스,늦었어도 포기 못해 코로나 ‘백신 주권’…진행 상황 살펴보니,"기사내용 요약 SK바이오사이언스, 코로나19 백신 식약처에 품목허가 신청 진원생명과학, 유바이오로직스, 셀리드, 아이진 등 속도 【서울=뉴시스】황재희 기자 = SK바이오사이언스 제조·개발 코로나19 백신 ‘스카이코비",https://news.naver.com/main/read.naver?mode=LSD&mid=shm&sid1=102&oid=003&aid=0011155024
102,0001733210,052,YTN,"우리은행 횡령금 614억 원...""파생상품·동생 사업에 투자""'",[앵커] 경찰이 우리은행에서 6백억 원이 넘는 회삿돈을 빼돌린 직원에 이어 동생도 공범 혐의로 긴급체포했습니다. 횡령 혐의로 먼저 체포된 우리은행 직원은 동생 사업과 파생상품에 횡령금을 투자했다고 진술한 것으로 전해,https://news.naver.com/main/read.naver?mode=LSD&mid=shm&sid1=102&oid=052&aid=0001733210
102,0004828662,014,파이낸셜뉴스,"대검, ""검찰 보완수사 범위 제한으로 범죄 묻힐 수 있다""",[파이낸셜뉴스] 대검찰청이 경찰이 무혐의 결론을 내린 사건에 대해 보완수사 등을 통해 매년 2500여건을 재판에 넘겼으나 '검수완박'(검찰 수사권 완전 박탈) 법안이 통과될 경우 이런 보완수사 기능이 약화될 것으로 ,https://news.naver.com/main/read.naver?mode=LSD&mid=shm&sid1=102&oid=014&aid=0004828662
102,0011155016,003,뉴시스,110년 금단의 땅 '송현동 부지' 담장 허문다…하반기 개방(종합),"기사내용 요약 오세훈, 임시개방 송현동 부지 현장점검 ""열린공간으로"" 서울광장 3배, 연트럴파크 맞먹는 대규모 녹지광장 ""청와대 개방, 7월 돌아오는 광화문광장과의 시너지"" '광화문~북촌~청와대' 연결하는 지름길 만",https://news.naver.com/main/read.naver?mode=LSD&mid=shm&sid1=102&oid=003&aid=0011155016
102,0013147669,001,연합뉴스,[영상] 현금 건네는 순간 기다렸다가 보이스피싱범 잡은 피싱 피해자,(서울=연합뉴스) 보이스피싱(전화금융사기) 피해를 봤던 한 식당 주인이 이번에는 기지를 발휘해 피싱 수거책을 붙잡아 화제입니다. 지난 26일 오후 전북 익산시의 한 식당 앞. 경북 지역에서 온 택시가 멈추더니 검은 양복을 입은 70대 노인이 내립니다. 손가방을 들고 있던 노인은 식당 앞을 왔다 갔다 하면서 계속 핸드폰으로...,https://news.naver.com/main/read.naver?mode=LSD&mid=shm&sid1=102&oid=001&aid=0013147669
102,0003269555,081,서울신문,경기지사 후보 양자대결 “김동연 43.3% vs 김은혜 43.9%” 초박빙,6·1지방선거 경기지사 가상대결에서 더불어민주당 김동연 후보와 국민의힘 김은혜 후보가 오차범위 안에서 초박빙의 각축을 벌인다는 여론조사 결과가 29일 나왔다. 리얼미터가 아시아경제 의뢰로 지난 27과 28일 이틀간 ,https://news.naver.com/main/read.naver?mode=LSD&mid=shm&sid1=102&oid=081&aid=0003269555
102,0003269554,081,서울신문,“코로나 사망 영아에 50배 약물 투여” 의료기록 삭제 정황 확인,경찰 “디지털포렌식으로 수정 내용 조사 중” 영아 의료기록지 수차례 수정 정황 확인 당직교수 처방 내용 2시간 만에 삭제 처리 사망 당일 의사처방·간호사 처치 모두 삭제 제주대병원 “기록 조작·은폐 없었다” 부인 A,https://news.naver.com/main/read.naver?mode=LSD&mid=shm&sid1=102&oid=081&aid=0003269554
102,0000096043,310,여성신문,코 안쑤시고 침으로 코로나19 검사... 식약처 '피씨엘 자가키트' 허가,식품의약품안전처(식약처)는 국내 최초로 개인이 직접 타액(침)을 검체로 코로나19 감염 여부를 확인하는 항원검사 방식 자가검사키트 제품을 허가했다고 29일 밝혔다. 허가 제품은 피씨엘의 'PCL SELF TEST- ,https://news.naver.com/main/read.naver?mode=LSD&mid=shm&sid1=102&oid=310&aid=0000096043
102,0001733202,052,YTN,"[뉴스큐] ""새벽 3시부터 기다렸어요"" ...괌 왕복 10만원대 행사에 '오픈런'","길게 줄 선 사람들, 새벽 3시부터 기다렸다고 하는데요. 무슨 일이 있었던 걸까요? 바로 괌 왕복 티켓 할인행사 때문이었습니다. 지난 28일, 한 항공사에서 국제선 운항 재개를 기념해 쿠폰 행사를 준비했는데요. 동남",https://news.naver.com/main/read.naver?mode=LSD&mid=shm&sid1=102&oid=052&aid=0001733202
102,0006062432,421,뉴스1,마스크 없이 외출하면 '낭패' 봅니다…대중교통 이용 못하고 가게 못들어가,(서울=뉴스1) 성재준 바이오전문기자 = 다음 달 2일부터 실외 마스크 착용 의무가 해제되지만 당분간 마스크는 계속 소지해야 한다. 실내에선 여전히 마스크 착용 의무가 적용되기 때문이다. 특히 마스크 착용을 하지 않,https://news.naver.com/main/read.naver?mode=LSD&mid=shm&sid1=102&oid=421&aid=0006062432
102,0004048423,011,서울경제,"헷갈리는 실외 노마스크…야구장 안되고, 체육시간 된다?",[서울경제] 오는 2일부터 대부분의 실외 공간에서 마스크 의무 착용 조치가 해제된다. 중앙재난안전대책본부(중대본)는 29일 질병관리청으로부터 '실외 마스크 착용 의무 조정방안'을 보고 받고 관련 내용을 확정했다고 밝,https://news.naver.com/main/read.naver?mode=LSD&mid=shm&sid1=102&oid=011&aid=0004048423
102,0000038271,586,시사저널,"'첫출근 알바생 강간 시도' 50대 포차 사장, 징역 2년 선고","재판부 ""반성하지 않고 5년간 도피하는 등 죄질 나빠"" 첫 출근한 아르바이트생과 가게에서 술을 마시던 중 성폭행을 시도한 50대 퓨전포차 사장이 법원으로부터 실형을 선고 받았다. 서울동부지방법원 형사합의12부(이종채",https://news.naver.com/main/read.naver?mode=LSD&mid=shm&sid1=102&oid=586&aid=0000038271
102,0011155003,003,뉴시스,"컷오프 김광철 연천군수, 끝내 국힘 탈당 '무소속 출마'",기사내용 요약 공천 배제 불만…김성원 공관위원장 맹비난 [연천=뉴시스] 김도희 기자 = 6·1 지방선거 국민의힘 공천에서 배제된 김광철 경기 연천군수가 국민의힘을 탈당하고 무소속 출마를 선언했다. 김 군수는 29일 ,https://news.naver.com/main/read.naver?mode=LSD&mid=shm&sid1=102&oid=003&aid=0011155003
102,0005082208,277,아시아경제,"소병철의원, 민주당 공천 결과 설명…1대1 토론 검토","소병철국회의원(순천,광양,곡성,구례 갑)과 노관규 전순천시장이 민주당 순천시장 후보 여론조사가 한창인 29일 SNS에서 충돌한 모습이 연출돼 관심을 끌고 있다. 순천시장 경선을 비롯한 시도의원 민주당 경선에 대한 불",https://news.naver.com/main/read.naver?mode=LSD&mid=shm&sid1=102&oid=277&aid=0005082208
102,0011154999,003,뉴시스,"SK바사, 코로나 백신 품목허가 신청…국내 1호 백신 탄생 임박(종합)","기사내용 요약 스카이코비원멀티주(GBP510), 29일 식약처에 품목허가 신청 질병청과 계약에 따라 품목허가 후 1천만회 접종 물량 국내 공급 예정 WHO, EMA 등 해외 승인도 진행…“백신 주권 확보 동력 될 것",https://news.naver.com/main/read.naver?mode=LSD&mid=shm&sid1=102&oid=003&aid=0011154999
102,0006062426,421,뉴스1,"전문가들 ""마스크 벗는다고 코로나 끝난 것 아냐""…잘못된 시그널 '우려'","(서울=뉴스1) 김규빈 기자 = 정부가 1년6개월 동안 유지하던 '실외 마스크 착용 의무화'를 다음부주부터 해제하기로 했다. 신종 코로나바이러스 감염증(코로나19) 유행상황이 안정세에 접어들었고, 백신과 자연감염으로",https://news.naver.com/main/read.naver?mode=LSD&mid=shm&sid1=102&oid=421&aid=0006062426
102,0000756011,088,매일신문,"실외 마스크 이제는 선택…인수위 ""성급한 판단""(종합)",다음 달 2일부터 실외 마스크 착용 의무가 사라진다. 지난 2020년 10월 13일부터 시작된 실외 마스크 의무화 조치가 566일 만에 해제되는 것이다. 앞서 안철수 대통령직인수위원장은 실외 마스크 해제 여부를 5월,https://news.naver.com/main/read.naver?mode=LSD&mid=shm&sid1=102&oid=088&aid=0000756011
102,0013147664,001,연합뉴스,"檢 ""검수완박 법안, 부실수사 가능 사건만 보완수사 막아""","""고발인 이의신청권 배제·검찰총장 국회 보고 조항도 문제"" 대검, 내일 본회의 표결 앞두고 개정안 문제점 거듭 비판 (서울=연합뉴스) 박재현 정성조 기자 = ""결국 경찰이 적극적으로 수사해 송치한 사건은 검사의 여죄",https://news.naver.com/main/read.naver?mode=LSD&mid=shm&sid1=102&oid=001&aid=0013147664
103,0013147697,001,연합뉴스,[포켓이슈] 아프간 탈레반에 9조원 무기 남긴 미군,(서울=연합뉴스) 지난해 8월 아프가니스탄에서 철군한 미군이 현지에 70억 달러(약 9조 원) 규모의 무기를 두고 온 것으로 확인됐는데요. 미 의회가 요청한 국방부 보고서에 따르면 미국은 2005년부터 2021년 8,https://news.naver.com/main/read.naver?mode=LSD&mid=shm&sid1=103&oid=001&aid=0013147697
103,0000050399,346,헬스조선,당신이 추위를 잘 타는 4가지 이유,"날씨가 많이 따뜻해졌다. 그러나 올라간 기온과 상관없이 여전히 추위를 호소하는 사람들이 있다. 평소에도 다른 사람들에 비해 추위를 많이 탄다면 다음과 같은 원인 때문일 수 있다. 야식과 폭식 야식을 즐기거나, 폭식하",https://news.naver.com/main/read.naver?mode=LSD&mid=shm&sid1=103&oid=346&aid=0000050399
103,0000050397,346,헬스조선,방광염에 소음성 난청까지… '직업병' 어떻게 물리칠까,"매일 반복되는 일을 하는 사람들은 ‘직업병’을 겪기 쉽다. 일상에서 쉽게 마주하는 직업군인 버스기사, 자영업자, 건설현장근로자도 마찬가지다. 이들의 공통점은 고용노동부가 발표한 직업병 발생 건수 상위권에 속하는 직업",https://news.naver.com/main/read.naver?mode=LSD&mid=shm&sid1=103&oid=346&aid=0000050397
103,0000539828,422,연합뉴스TV,[날씨] 밤까지 동해안 비 이어져…종일 선선,[앵커] 오늘 전국이 흐린 가운데 낮 동안 기온이 크게 오르지 못하겠습니다. 주말도 평년 기온을 밑돌면서 선선하겠는데요. 자세한 날씨는 기상캐스터 연결해서 알아보겠습니다. 강지수 캐스터. [캐스터] 오늘은 날씨 상황,https://news.naver.com/main/read.naver?mode=LSD&mid=shm&sid1=103&oid=422&aid=0000539828
103,0003191468,025,중앙일보,침 뱉고 10분뒤 확인…코 안쑤셔도 되는 '자가키트' 첫 허가,식품의약품안전처(식약처)는 국내 처음으로 개인이 직접 타액(침)을 검체로 사용해 바이러스 감염 여부를 확인하는 피씨엘사(社)의 신종 코로나바이러스 감염증(코로나19) 자가검사키트를 허가했다고 29일 밝혔다. 이 제품,https://news.naver.com/main/read.naver?mode=LSD&mid=shm&sid1=103&oid=025&aid=0003191468
103,0005203970,018,이데일리,"(영상)현대차·기아, 내년부터 중고차 판다...기대효과는?",<앵커> 대기업의 중고차 판매 진출과 관련한 마지막 심의에서 ‘1년 유예’ 결정이 내려졌습니다. 현대차와 기아의 사업계획에 살짝 제동이 걸렸습니다만 내년부터는 중고차 시장에 큰 변화가 예상됩니다. 그 혜택은 소비자들,https://news.naver.com/main/read.naver?mode=LSD&mid=shm&sid1=103&oid=018&aid=0005203970
103,0006062451,421,뉴스1,[주말날씨] 토요일 구름 많고 일요일 전국 맑아…기온 20도 아래 선선,(서울=뉴스1) 송상현 기자 = 토요일인 30일은 전국에 구름이 많고 수도권을 중심으로 가끔 비가 오다가 일요일인 1일 아침부터 점차 맑아진다. 주말 동안 전국 대부분 지역의 기온이 20도 아래에 머무는 등 대체로 ,https://news.naver.com/main/read.naver?mode=LSD&mid=shm&sid1=103&oid=421&aid=0006062451
103,0003143854,032,경향신문,"20년간 가족에게 헌신한 당신, 이제 자신을 돌볼 시간이에요[박상희의 구해줘! 내 맘]","[경향신문] ■상담 신청 “서울대를 나온 여자가 왜 중고차 딜러를 하냐고요? 돈을 빨리, 많이 벌고 싶었거든요. 가난이 지긋지긋했고 부모님 두 분 모두 저만 바라보고 있었어요. 아빠는 수재셨어요. 대기업에 다니셨지만",https://news.naver.com/main/read.naver?mode=LSD&mid=shm&sid1=103&oid=032&aid=0003143854
103,0003143853,032,경향신문,다이어트는 과학입니다…주목받는 비만치료 연구,[경향신문] 코로나19 팬데믹의 장기화로 국내 비만 인구가 크게 늘어났다. 요즘 화창해진 날씨와 물리적(사회적) 거리 두기 완화에 발맞춰 묵은 체중과 뱃살을 날려보려는 사람들에게 다음의 연구 결과들이 큰 도움이 될 ,https://news.naver.com/main/read.naver?mode=LSD&mid=shm&sid1=103&oid=032&aid=0003143853
103,0003143852,032,경향신문,분자 단위 분류 시스템 나오자 자궁내막암 진단·치료 빨라져[의술 인술],[경향신문] 자궁내막암은 자궁의 가장 안쪽 얇은 점막 조직인 자궁내막에 발생하는 암으로 선진국 여성들에게서 더 높은 발병률을 보인다. 우리나라도 식생활의 서구화와 비만 인구 증가에 따라 그 발생 빈도가 점차 증가하고,https://news.naver.com/main/read.naver?mode=LSD&mid=shm&sid1=103&oid=032&aid=0003143852
103,0005203951,018,이데일리,"1년 유예 현대차·기아, 기회삼는 롯데·SK…중고차업계 '투쟁'",[이데일리 송승현 기자] 중고자동차시장 규모를 키우는 ‘대형 메기’ 역할을 할 것으로 기대를 모았던 현대자동차(005380)와 기아(000270)의 진출이 1년간 유예되면서 중고차매매업계의 움직임도 바빠졌다. 중고차,https://news.naver.com/main/read.naver?mode=LSD&mid=shm&sid1=103&oid=018&aid=0005203951
103,0004048421,011,서울경제,타액 코로나19 검사키트 나왔다,[서울경제] 코로나19 감염 여부를 타액으로 할 수 있는 자가검사키트가 당국의 허가를 받았다. 식품의약품안전처(식약처)는 29일 타액을 검체로 사용해 코로나19 바이러스 감염 여부를 확인하는 피씨엘(241820) 의,https://news.naver.com/main/read.naver?mode=LSD&mid=shm&sid1=103&oid=011&aid=0004048421
103,0003143847,032,경향신문,봄 향 가득한 나물전을 부쳐…스쳐 지나는 계절을 잠시 붙잡았다[지극히 味적인 시장],"[경향신문] 경상남도 산청 하면 무엇이 먼저 떠오를까? 필자는 먹는 ‘배’가 먼저 떠오른다. 허준과 유희태의 고장이고, 약초와 딸기가 많이 나는 산청이어도 무조건 배가 먼저다. 2001년도였다. 초록마을을 만들면서 ",https://news.naver.com/main/read.naver?mode=LSD&mid=shm&sid1=103&oid=032&aid=0003143847
103,0003691144,022,세계일보,6개월에 한번 고혈압 치료…英서 주사형 혈압약 개발,세계 최초 주사형 혈압약…1상 임상시험서 효과 입증 2상 임상시험 진행…전문가 “3~5년 후 실용화 전망” 혈압 측정. 게티이미지뱅크 영국에서 6개월에 한 번씩만 주사하면 혈압을 장기간 관리할 수 있는 세계 최초의 ,https://news.naver.com/main/read.naver?mode=LSD&mid=shm&sid1=103&oid=022&aid=0003691144
103,0001733170,052,YTN,[날씨] 일요일까지 예년보다 선선...내일 서울 17도,"봄비는 그쳤지만, 흐린 날씨가 이어지며 날이 다소 서늘해졌습니다. 현재 서울 기온 16.5도로 어제보다 무려 9도나 낮은데요, 토요일인 내일도 서울 낮 기온 17도, 모레는 18도 선에 머물며 예년보다 선선한 날씨가",https://news.naver.com/main/read.naver?mode=LSD&mid=shm&sid1=103&oid=052&aid=0001733170
103,0004957191,009,매일경제,"""더뉴 EQS SUV 자신있다""…한국은 벤츠에게 중요한 시장","제거 벤츠 승용 마케팅 총괄 EQS SUV는 특정 고객 겨냥 고객 니즈 충분히 충족시킬 것 ""한국은 벤츠에게 있어 상당히 중요한 시장이다. 한국 고객들의 니즈를 충족시키기 위해 적극적으로 노력하고 있다."" 브리타 제",https://news.naver.com/main/read.naver?mode=LSD&mid=shm&sid1=103&oid=009&aid=0004957191
103,0002588779,028,한겨레,"이창동 “OTT 제안 지금도 들어오는데, 아직 작품 못 만났다”","첫 단편영화 <심장소리>를 들고 전주를 찾은 이창동 감독은, ‘활기’라는 단어를 여러번 반복하며 팬데믹 이후 한국영화계가 다시 활기를 되찾을 수 있기를 바랐다. 이 감독은 29일 오전 전주 완산구 고사동 전주중부비전",https://news.naver.com/main/read.naver?mode=LSD&mid=shm&sid1=103&oid=028&aid=0002588779
103,0000539819,422,연합뉴스TV,[날씨] 전국 흐리고 밤까지 동해안 비…한낮에도 선선,[앵커] 오늘은 전국이 흐리겠고 밤까지 동해안 지역은 비가 내리겠습니다. 기온은 크게 오르지 못하면서 선선하겠습니다. 자세한 날씨는 기상캐스터 연결해서 알아보죠. 강지수 캐스터. [캐스터] 어제는 포근한 봄기운이 가,https://news.naver.com/main/read.naver?mode=LSD&mid=shm&sid1=103&oid=422&aid=0000539819
103,0013147332,001,연합뉴스,사라졌다 돌아온 불교문화재 32건 한곳에…'환지본처' 특별전,불교중앙박물관서 6월 12일까지…7건은 전시 종료 후 원위치로 (서울=연합뉴스) 박상현 기자 = 문화재청이 펴낸 '통계로 보는 문화유산'에 따르면 1985년부터 지난해까지 도난된 문화재는 3만885점이다. 그중 회수,https://news.naver.com/main/read.naver?mode=LSD&mid=shm&sid1=103&oid=001&aid=0013147332
103,0004957185,009,매일경제,"인공관절 수술 미루고 싶다면, 신경차단술 고려를",초음파 이용한 통증완화…통증 부위·신경 주위에 주사 퇴행성 말기이지만 수술 못하는 고령환자에 효과 좋아 중년층 이상에서 가장 흔하게 통증이 발생하는 부위는 바로 무릎이다. 신체 중 가장 큰 관절 중 하나인 무릎은 걷,https://news.naver.com/main/read.naver?mode=LSD&mid=shm&sid1=103&oid=009&aid=0004957185
103,0000146650,629,더팩트,"머스크, 테슬라 주식 5조 원어치 팔아 트위터 인수 자금 마련","트위터에 ""더 이상 매각 없다"" 밝혀 최근 SNS(소셜네트워크서비스) 트위터를 인수한 일론 머스크 테슬라 CEO(최고경영자)가 테슬라 주식 440만주를 매각했다. 트위터 인수 자금을 마련하기 위함으로 관측된다. 28",https://news.naver.com/main/read.naver?mode=LSD&mid=shm&sid1=103&oid=629&aid=0000146650
103,0000810171,366,조선비즈,"아워홈 임시 주총 요구한 구본성, 이번엔 ‘투자안내문’ 배포",구자학 아워홈 회장의 장남인 구본성 전 부회장의 아워홈 지분 매각이 다시 속도를 내는 모양새다. 구 회장의 장녀인 구미현씨가 지분 매각에 동참하기로 하면서 시장 관심이 커졌다는 판단에서다. 29일 업계에 따르면 구 ,https://news.naver.com/main/read.naver?mode=LSD&mid=shm&sid1=103&oid=366&aid=0000810171
103,0000055808,296,코메디닷컴,췌장암 진료 느는 이유.. ‘위험도’ 1순위는?,"국민건강보험공단이 28일 발표한 '췌장암 진료 현황'(2016~2020년)'에 따르면, 췌장암 관련 진료를 받은 사람은 4년새 29.4% 증가한 것으로 집계됐다. 췌장암 진료 인원이 2016년 1만6086명에서 20",https://news.naver.com/main/read.naver?mode=LSD&mid=shm&sid1=103&oid=296&aid=0000055808
103,0006062022,421,뉴스1,"쌍용차 매각 새 변수로 떠오른 '상장폐지 여부'…""5월 중순 최종 결정""","(서울=뉴스1) 이장호 기자 = 쌍용자동차 상장 폐지 여부가 쌍용차 매각의 새 변수로 떠올랐다. 쌍용차는 오는 10월15일까지 회생계획안을 가결시켜야 하는데, 매물 매력도를 크게 떨어뜨리는 상장폐지로 매각이 차질을 ",https://news.naver.com/main/read.naver?mode=LSD&mid=shm&sid1=103&oid=421&aid=0006062022
103,0011154563,003,뉴시스,"김어준 ""바이든·퇴임하는 文 만남, 尹 정부에 보내는 메시지""","[서울=뉴시스]이수지 기자 = 내달 방한하는 조 바이든 미국 대통령과 퇴임하는 문재인 대통령과의 만남에 대해 방송인 김어준은 ""차기 정부에 보내는 메시지""로 평했다. 김어준은 29일 TBS FM라디오 '김어준의 뉴스",https://news.naver.com/main/read.naver?mode=LSD&mid=shm&sid1=103&oid=003&aid=0011154563
103,0004739743,008,머니투데이,"""17% 할인약속? 오히려 값 올라""…발란·네고왕 가격꼼수 논란","'네고왕'에 출연해 할인 프로모션을 약속했던 명품 커머스 플랫폼 '발란'이 방송 후 가격을 인상해 '꼼수' 논란에 휩싸였다. 28일 유튜브 채널 '달라스튜디오'에는 '네고왕' 9번째 에피소드 '명품 가방, 시계부터 ",https://news.naver.com/main/read.naver?mode=LSD&mid=shm&sid1=103&oid=008&aid=0004739743
103,0004957161,009,매일경제,보존제있는 인공눈물약 남용하면 눈건강 해친다,방부제 같은 첨가제 극소량 함유돼 있어 사용해도 안구건조증 계속땐 질병 가능성 눈이 뻑뻑할 때 가장 먼저 찾게 되는 것이 인공눈물약이다. 그런데 인공눈물약은 그 성분에 따라 사용법과 주의점이 서로 달라 적절한 약제를,https://news.naver.com/main/read.naver?mode=LSD&mid=shm&sid1=103&oid=009&aid=0004957161
103,0002588769,028,한겨레,"[ESC] 어디가 하늘이고, 땅이고, 바다인가",한 치의 오차 없이 물결치듯 움직이는 수천 마리 물고기의 움직임. 그런 풍경은 우리가 익숙한 2차원의 세계에는 전혀 존재하지 않는 풍경이다. 그리고 그 압도적인 풍경은 다이빙을 해보지 않은 사람은 누구도 느껴볼 수 ,https://news.naver.com/main/read.naver?mode=LSD&mid=shm&sid1=103&oid=028&aid=0002588769
103,0002351194,047,오마이뉴스,"사람 발길이 만든 지름길, 그사이 이어진 두 마을","[골목에서 만난 사람들 2] 골목 없는 두 마을, 용인 남사 아곡로와 한숲로 골목은 공간적 가치를 이동하는 데 사용되는 길이다. 정서적 가치는 단지 이동수단에 머물지 않는다. 이웃에 모이고 또 흩어지며 겪는 생사고락",https://news.naver.com/main/read.naver?mode=LSD&mid=shm&sid1=103&oid=047&aid=0002351194
103,0002351192,047,오마이뉴스,[두번째독립50대] 50대 여성 '프사'는 꽃대궐... '늙은 소녀' 인증일까요?,"카톡 프로필마다 꽃 사진이 그득... 왜 그러는지 직접 물어봤습니다 시민기자 글쓰기 모임 '두번째독립50대'는 20대의 독립과는 다른 의미에서, 새롭게 나를 찾아가는 50대 전후의 고민을 씁니다. <편집자말> 한 친",https://news.naver.com/main/read.naver?mode=LSD&mid=shm&sid1=103&oid=047&aid=0002351192
103,0003013825,030,전자신문,"현대차·기아 ""중고차 시장 진출 1년 유예…아쉽다""",완성차업계가 대기업 중고차 시장 진출 1년 유예 권고에 강한 유감을 표했다. 지난 3월 정부가 중고차 판매업을 생계형 적합업종으로 지정하지 않아 올해 안 판매 개시를 기대했으나 이번 권고로 물 건너 갔다. 기업의 사,https://news.naver.com/main/read.naver?mode=LSD&mid=shm&sid1=103&oid=030&aid=0003013825
103,0011257790,056,KBS,[오후날씨 꿀팁] 고온현상 꺾여 어제보다 기온 낮아요!," 한 차례 비가 내린 뒤 고온현상은 수그러들었습니다. 오늘 서울의 낮 최고기온은 18도, 광주 21도, 부산 14도로 어제보다 4도에서 8도가량 낮겠습니다. 주말인 내일도 서울의 낮기온 17도, 모레 18도로 평년 ",https://news.naver.com/main/read.naver?mode=LSD&mid=shm&sid1=103&oid=056&aid=0011257790
103,0004957107,009,매일경제,"""네고왕 17% 할인이라더니""...발란, 가격 꼼수 인상 논란","명품 커머스 플랫폼 발란이 가격 꼼수 인상 논란에 휩싸였다. 소비자들은 발란이 '네고왕'에 출연해 할인 프로모션을 약속했지만 일방적으로 가격을 올려 할인 효과가 없게 만든 것 아니냐고 비판했고, 발란은 ""서버 오류""",https://news.naver.com/main/read.naver?mode=LSD&mid=shm&sid1=103&oid=009&aid=0004957107
103,0002351186,047,오마이뉴스,"집에서도 밖에서도, 그들은 동백리 며느리였다","[스토리가 있는 우리 마을] 완도 금일 동백리 ⓒ 완도신문 예나 지금이나 바다는 풍요롭지만, 그곳에서의 삶은 예나 지금이나 혹독하기만 하다. 척박한 삶, 완성되지 못한 삶, 반쯤만 살아내야 하는 삶, 선천적 불완전성",https://news.naver.com/main/read.naver?mode=LSD&mid=shm&sid1=103&oid=047&aid=0002351186
103,0002351184,047,오마이뉴스,50이 넘은 나도 세계적인 BTS가 될 수 있을까?,"[서평] 한국의 교사와 교사 되기(이혁규, 교육공동체벗)를 읽고 쓰는 반성문 나는 '교사 교육'을 받지 않았다. 국어국문학을 전공하였으나 역량을 갖추는 데 이르지 못했고 80년대를 살아서 목소리는 높았다. 기준을 넘",https://news.naver.com/main/read.naver?mode=LSD&mid=shm&sid1=103&oid=047&aid=0002351184
103,0002588760,028,한겨레,"[ESC] 엔데믹 시대, 나라밖 등산여행 떠나볼까",이제 진짜 끝인가? 무려 2년이 넘는 시간 동안 우리의 라이프스타일을 송두리째 뒤바꿔놓았던 코로나19의 팬데믹 시대가 엔데믹 시대로 넘어가고 있다. 그러나 팬데믹 이전의 라이프스타일로 완전히 되돌아갈 수는 없을 것이,https://news.naver.com/main/read.naver?mode=LSD&mid=shm&sid1=103&oid=028&aid=0002588760
103,0000055807,296,코메디닷컴,어깨 뻣뻣해지는 오십견에 좋은 스트레칭,오십견은 '어깨가 얼어붙는다'고 할 정도로 통증이 심하다. 특히 날씨가 따뜻해지면 오십견을 호소하는 사람이 늘어난다. 날씨가 풀리면서 활동량이 늘고 어깨를 갑자기 과하게 사용하게 되기 때문. 오십견은 우리나라 전체 ,https://news.naver.com/main/read.naver?mode=LSD&mid=shm&sid1=103&oid=296&aid=0000055807
103,0005082087,277,아시아경제,"아워홈 노조, 구본성 주총소집 요구 비판… “경영안정 뒤흔들어”",구본성 전 아워홈 부회장이 지난 25일 아워홈에 새 이사 48명을 선임하기 위한 임시주주총회 소집을 요청한 데 대해 사측에 이어 노동조합도 비판 입장을 냈다. 한국노총 전국식품산업연맹노동조합 소속 아워홈 노조는 28,https://news.naver.com/main/read.naver?mode=LSD&mid=shm&sid1=103&oid=277&aid=0005082087
103,0000539809,422,연합뉴스TV,[날씨] 종일 흐리고 선선…주말도 평년 기온 밑돌아,[앵커] 내리던 비는 대부분 잦아들었지만 옷차림에 신경을 써주셔야겠습니다. 기온이 더디게 오르면서 종일 선선하겠는데요. 기상캐스터 연결해서 자세한 날씨 알아보겠습니다. 강지수 캐스터. [캐스터] 저는 지금 서울 광장,https://news.naver.com/main/read.naver?mode=LSD&mid=shm&sid1=103&oid=422&aid=0000539809
103,0000297324,437,JTBC,'멍 때려야' 풀린다…'국과대표'서 밝히는 뇌의 비밀,코로나 사태 이전 이맘때 한강에선 이색 대회가 열렸습니다. 참가자들은 봄볕에 돗자리를 펴고 앉아 우두커니 한강을 바라봤습니다. 심박측정기를 차고서 아무 말도 하지 않는 '한강 멍 때리기 대회'입니다.   지친 현대인,https://news.naver.com/main/read.naver?mode=LSD&mid=shm&sid1=103&oid=437&aid=0000297324
104,0000970144,055,SBS,"""러, 졸전으로 초강대국 지위 '흔들'…핵사용 유혹 커져""",우크라이나를 침략한 러시아군이 2달 넘게 졸전을 거듭하면서 영국 시사 주간지 이코노미스트는 러시아가 핵무기 외에는 '초강대국'임을 증명할 수단이 없는 신세가 됐다고 진단했습니다. 현지시간으로 어제(28일) 이코노미스,https://news.naver.com/main/read.naver?mode=LSD&mid=shm&sid1=104&oid=055&aid=0000970144
104,0013147709,001,연합뉴스,"[영상] 이근, 우크라서 총들고 경계태세…""최전선 참전, 도와달라""",(서울=연합뉴스) 우크라이나의 외국인 의용병 부대인 '국토방위군 국제여단'에 참여하겠다며 출국했던 해군특수전전단(UDT/SEAL) 출신 이근 전 대위 측이 현지 전투 모습을 공개했습니다. 이 전 대위 측은 28일 유튜브 채널('ROKSEAL') 커뮤니티 공지를 통해 이 전 대위가 현재 우크라이나 최전선에서 참전 중이라면서...,https://news.naver.com/main/read.naver?mode=LSD&mid=shm&sid1=104&oid=001&aid=0013147709
104,0006062468,421,뉴스1,"'겨울 맞는' 남아공 ""오미크론 하위변이 확진↑…5차 대유행 가능성""(종합)","(서울=뉴스1) 원태성 기자,정윤영 기자 = 겨울에 접어드는 남반구 남아프리카공화국에서 지난 2주간 신종 코로나바이러스감염증(코로나19) 확진자가 꾸준히 증가해 5차 대유행에 진입할 가능성이 높다는 전망이 나왔다. ",https://news.naver.com/main/read.naver?mode=LSD&mid=shm&sid1=104&oid=421&aid=0006062468
104,0003269556,081,서울신문,[속보]&#160;“우크라 편에서 참전 20대 미국인 1명 사망”,러시아 침공에 맞서 우크라이나 편에서 참전했던 미국 해병대 출신 미국인 1명이 최근 숨졌다고 미국 매체 CNN이 유가족을 인용해 28일(현지시간) 보도했다. 유가족은 시신을 아직 찾지 못한 것으로 파악됐다. 테네시주,https://news.naver.com/main/read.naver?mode=LSD&mid=shm&sid1=104&oid=081&aid=0003269556
104,0000810213,366,조선비즈,북중 화물열차 운행 중단…中 단둥 ‘코로나’에 北이 먼저 요청,중국 단둥과 북한 신의주를 운행하는 북-중 화물열차 운행이 29일 중단됐다. 연합뉴스는 대북 소식통들을 인용해 “북한 측 요구에 따라 단둥 당국이 오늘부터 북중 화물열차 운행 중단 결정을 내렸다”며 “외부와 격리돼 ,https://news.naver.com/main/read.naver?mode=LSD&mid=shm&sid1=104&oid=366&aid=0000810213
104,0005082217,277,아시아경제,"北, 전략 바꿨나…""푸틴 모방하는 김정은, 더 공격적으로 변했다""",김정은 북한 국무위원장이 우크라이나를 침공한 블라디미르 푸틴 러시아 대통령의 전략을 모방하면서 더욱 공격적으로 되고 있다는 미국 외교 전문가의 분석이 나왔다. 28일(현지시간) 워싱턴포스트(WP) 외교·안보 칼럼니스,https://news.naver.com/main/read.naver?mode=LSD&mid=shm&sid1=104&oid=277&aid=0005082217
104,0004739846,008,머니투데이,"하늘도 러시아 버렸나…""돈바스 돌격"" 외친 러軍, 발묶인 이유","[우기 찾아온 우크라, 폭우로 군용차량 전진 난항… 러시아군 피로 누적·사기 저하도 공세 늦은 요인… 美등 서방 무기지원, 우크라군 총공세로 힘의 균형] 러시아군이 돈바스(도네츠크·루한스크 주) 등 우크라이나 동부 ",https://news.naver.com/main/read.naver?mode=LSD&mid=shm&sid1=104&oid=008&aid=0004739846
104,0013147665,001,연합뉴스,"""러시아 침공 결정적 배경은 우크라 풍부한 자원""","FP ""동·남부 점령…세계 원자재 시장 상당 부분 지배"" (서울=연합뉴스) 강종훈 기자 = 우크라이나의 풍부한 자원이 러시아가 우크라이나를 침공한 이유 중 큰 비중을 차지한다고 미국 외교전문지 포린폴리시(FP)가 2",https://news.naver.com/main/read.naver?mode=LSD&mid=shm&sid1=104&oid=001&aid=0013147665
104,0013147649,001,연합뉴스,"""러, 우크라 졸전으로 초강대국 지위 '흔들'…핵사용 유혹 커져""","이코노미스트 ""초강대국 유지하려 군사력 의존했는데 부실 민낯 드러나"" (서울=연합뉴스) 황철환 기자 = 우크라이나를 침략한 러시아군은 소련 붕괴의 치욕을 딛고 대(大)러시아의 부활을 일궈낸 블라디미르 푸틴 대통령의 ",https://news.naver.com/main/read.naver?mode=LSD&mid=shm&sid1=104&oid=001&aid=0013147649
104,0000810204,366,조선비즈,러시아서 ‘에너지 독립’ 추구하는 유럽… 美와 천연가스 수십년 장기 공급계약 논의,러시아에 에너지를 상당 부분 의존하던 유럽연합(EU)이 러시아가 본격적으로 ‘에너지 무기화’에 나서자 미국과의 장기 액화천연가스(LNG) 공급계약을 논의 중이라고 미 월스트리트저널(WSJ)이 28일(현지 시각) 보도,https://news.naver.com/main/read.naver?mode=LSD&mid=shm&sid1=104&oid=366&aid=0000810204
104,0013147600,001,연합뉴스,중국 베이징 신규감염자 49명…246개 건물 봉쇄 관리(종합),29∼30일 3차 전수 검사…사실상 봉쇄 관리·통제구역 6곳 상하이 신규감염자 9천970명…전날 수준 (베이징=연합뉴스) 김진방 특파원 = 코로나19 확산으로 봉쇄 지역이 늘고 있는 중국 베이징에서 49명의 신규 감,https://news.naver.com/main/read.naver?mode=LSD&mid=shm&sid1=104&oid=001&aid=0013147600
104,0000810197,366,조선비즈,美 정보당국 “노벨평화상 받은 러시아 기자 테러범은 러 정보기관”,"지난해 노벨평화상수상자인 러시아 기자를 노린 페인트 공격의 배후가 러시아 정보기관이라는 수사 결과가 나왔다. 28일(현지 시각) 워싱턴포스트(WP)는 정부 소식통을 인용해, 미국 정보당국이 지난해 노벨평화상 수상자인",https://news.naver.com/main/read.naver?mode=LSD&mid=shm&sid1=104&oid=366&aid=0000810197
104,0003191463,025,중앙일보,"中에 투자하는 '큰손'의 경고 ""中, 2008년 美금융위기 같다""",아시아 최대 사모펀드 대표가 중국 정부의 제로코로나 정책이 세계 금융 위기에 버금가는 “심각한 경제 위기를 초래했다”고 직격탄을 날렸다. 중국에 투자하는 금융계 인사가 중국 정부를 직접 비판한 건 이례적인 일이다. ,https://news.naver.com/main/read.naver?mode=LSD&mid=shm&sid1=104&oid=025&aid=0003191463
104,0011154926,003,뉴시스,"英 ""러, 상당 비용 치르며 돈바스 진전""…친러 지역 군시설 피격","기사내용 요약 英국방부 ""돈바스에 전략 집중…저항에 일부만 획득"" 친러 도네츠크 행정부 ""우크라군, 연료 저장고 폭격"" [서울=뉴시스] 이혜원 기자 = 러시아가 우크라이나 동부 돈바스에서 진전을 보이고 있지만, 상당",https://news.naver.com/main/read.naver?mode=LSD&mid=shm&sid1=104&oid=003&aid=0011154926
104,0000970126,055,SBS,"머스크, 테슬라 지분 5조 원어치 팔아…""추가 매각 없다""지만",일론 머스크 테슬라 최고경영자가 소셜미디어 트위터 인수가 결정된 이후 40억달러(약 5조388억원)어치의 테슬라 주식을 팔았습니다. 현지시간 28일 로이터통신 등의 보도에 따르면 머스크는 이날 미국 증권거래위원회(S,https://news.naver.com/main/read.naver?mode=LSD&mid=shm&sid1=104&oid=055&aid=0000970126
104,0004048395,011,서울경제,"우크라 전쟁, 몇 년 더 가나…나토 “장기 지원 준비”",[서울경제] 우크라이나 전쟁이 러시아와 서방 국가들의 대리전 양상으로 변모하면서 전쟁이 장기화할 가능성이 고조되고 있다. ‘외부 개입을 용납하지 않겠다’는 블라디미르 푸틴 러시아 대통령에 맞서 서방은 우크라이나에서 ,https://news.naver.com/main/read.naver?mode=LSD&mid=shm&sid1=104&oid=011&aid=0004048395
104,0013147506,001,연합뉴스,"중국, 서방 제재에 지난달 러시아산 원유 수입 14% 줄여",이란 1분기 원유 수출 30% 급증 '반사이익'…대부분 中 향해 (서울=연합뉴스) 김계환 김윤구 기자 = 중국이 서방의 제재를 받는 러시아에서 수입하는 원유량이 지난달 10% 이상 줄어든 것으로 나타났다. 중국 현지,https://news.naver.com/main/read.naver?mode=LSD&mid=shm&sid1=104&oid=001&aid=0013147506
104,0006062201,421,뉴스1,[영상] 총 들고 경계 태세…이근 측이 기부금 요청하며 공개한 사진은?,"(서울=뉴스1) 문영광 기자,임승범 인턴기자 = 우크라이나 국제의용군으로 참전 중인 해군특수전전단(UDT/SEAL) 대위 출신 유튜버 이근 씨가 소속된 유튜브 채널 ROKSEAL 측이 현지에서 촬영된 사진 한 장을 ",https://news.naver.com/main/read.naver?mode=LSD&mid=shm&sid1=104&oid=421&aid=0006062201
104,0000810183,366,조선비즈,"“中 수입 석탄 면세 정책, 러시아가 수혜입을 것”","중국이 다음달부터 수입 석탄에 대해 일시적으로 면세를 결정하면서 러시아가 수혜를 누릴 것으로 보인다. 중국 전체 에너지 소비의 56%는 석탄이 차지하는데, 중국이 서방국가의 제재로 석탄을 수출하지 못하는 러시아의 석",https://news.naver.com/main/read.naver?mode=LSD&mid=shm&sid1=104&oid=366&aid=0000810183
104,0013147440,001,연합뉴스,"유엔총장, 키이우 미사일 공격에 ""충격적…전쟁 반드시 끝내야""","러 로켓, 구테흐스 체류 호텔 인근에 떨어져 CNN ""'전쟁 끝낼 외교 채널 부재' 걱정스러운 현실 드러나"" (서울=연합뉴스) 김연숙 기자 = 우크라이나 수도 키이우를 방문 중인 안토니우 구테흐스 유엔 사무총장은 2",https://news.naver.com/main/read.naver?mode=LSD&mid=shm&sid1=104&oid=001&aid=0013147440
104,0013147440,001,연합뉴스,"유엔총장, 키이우 미사일 공격에 ""충격적…전쟁 반드시 끝내야""","러 로켓, 구테흐스 체류 호텔 인근에 떨어져 CNN ""'전쟁 끝낼 외교 채널 부재' 걱정스러운 현실 드러나"" (서울=연합뉴스) 김연숙 기자 = 우크라이나 수도 키이우를 방문 중인 안토니우 구테흐스 유엔 사무총장은 2",https://news.naver.com/main/read.naver?mode=LSD&mid=shm&sid1=104&oid=001&aid=0013147440
104,0006062125,421,뉴스1,"'개전 초기 실패 교훈' 러, 돈바스서 더딘 진격…5월9일까지 전쟁 끝낼까",(서울=뉴스1) 원태성 기자 = 우크라이나 동남부 전선에 집중하는 '특수군사작전 2단계'를 진행하고 있는 러시아군이 키이우에서의 실수를 반복하지 않기 위해 더딘 진전을 보이고 있다는 분석이 나왔다. 러시아가 더 많은,https://news.naver.com/main/read.naver?mode=LSD&mid=shm&sid1=104&oid=421&aid=0006062125
104,0013147357,001,연합뉴스,"머스크, 테슬라 지분 5조원어치 팔아…""추가매각 없다""",(서울=연합뉴스) 김계환 기자 = 일론 머스크 테슬라 최고경영자(CEO)가 소셜미디어 트위터 인수가 결정된 이후 40억달러(약 5조388억원)어치의 테슬라 주식을 팔았다. 28일(현지시간) 로이터통신 등의 보도에 따,https://news.naver.com/main/read.naver?mode=LSD&mid=shm&sid1=104&oid=001&aid=0013147357
104,0000808661,417,머니S,"테슬라 주가 폭락 이유?…머스크, 주식 5조원 팔았다",일론 머스크 테슬라 최고경영자(CEO)가 트위터 인수를 위해 테슬라 주식 약 40억달러(5조632억원)어치를 매도했다. 지난 28일(이하 현지시각) 미 매체 월스트리트저널(WSJ)과 CNBC는 머스크가 최근 미국의 ,https://news.naver.com/main/read.naver?mode=LSD&mid=shm&sid1=104&oid=417&aid=0000808661
104,0006062054,421,뉴스1,"독일, 러시아 석유 수입금지 반대 입장서 선회…제재 급물살 타나",(서울=뉴스1) 정윤영 기자 = 독일이 그간 반대해오던 러시아산 석유 금수조치에 대한 입장을 선회했다. 월스트리트저널(WSJ)은 28일(현지시간) 소식통을 인용해 독일이 러시아산 원유를 대체할 수 있는 충분한 시간이,https://news.naver.com/main/read.naver?mode=LSD&mid=shm&sid1=104&oid=421&aid=0006062054
104,0003191452,025,중앙일보,"""절대 가까이 가지 말라""…콜롬비아 덮친 '악취 거품' 정체","콜롬비아 수도 보고타 인근의 강에서 악취가 강한 유독성 거품이 거리를 덮치고 있다. 27일 AP, 가디언 등 외신은 흰색 유독성 거품이 보고타 인근 발시야스 강에서 발생했다고 보도했다. 강에서 생긴 대량의 거품이 강",https://news.naver.com/main/read.naver?mode=LSD&mid=shm&sid1=104&oid=025&aid=0003191452
104,0004048354,011,서울경제,"결국 테슬라 주식 5조원 팔았다…머스크  ""더이상 매도 없을 것""",[서울경제] 일론 머스크 테슬라 최고경영자(CEO)가 40억달러(약 5조원) 규모의 테슬라 주식을 매도했다. 소셜미디어 트위터를 인수하는데 필요한 자금을 마련하기 위한 절차다. 머스크는 더 이상 테슬라 대규모 매도는,https://news.naver.com/main/read.naver?mode=LSD&mid=shm&sid1=104&oid=011&aid=0004048354
104,0003637905,079,노컷뉴스,中 대륙 확산하는 코로나 때문에 최악의 황금연휴 불가피,핵심요약 30일부터 5월 4일까지 닷새간 노동절 연휴 코로나 확산 막기 위해 성·시 경계 넘지말라 통보 항공·철도 승객 급감…교통부 지난해 대비 77% 감소 전망 주요 관광지 숙박 요금 폭락…소비 진작위해 소비쿠폰 ,https://news.naver.com/main/read.naver?mode=LSD&mid=shm&sid1=104&oid=079&aid=0003637905
104,0004048344,011,서울경제,"애플 ""매출 손실액 최대 10조원""… 빅테크들 2분기 전망 '암울'",[서울경제] 빅테크 기업들이 급격한 인플레이션과 공급망 병목 현상을 의식해 암울한 2분기 전망을 내놓고 있다. 28일(현지 시간) 미 경제방송 CNBC에 따르면 애플은 이날 1분기 매출액이 전년 동기대비 8.6% 증,https://news.naver.com/main/read.naver?mode=LSD&mid=shm&sid1=104&oid=011&aid=0004048344
104,0003269518,081,서울신문,"“중국은 비호감”…미국인 82%, 역대급 수치로 중국에 부정적 견해",[서울신문 나우뉴스] 미국인의 82% 이상이 중국에 대해 부정적인 견해를 가지고 있는 것으로 나타났다. 미국 매체 자유아시아방송은 미국의 민간 싱크탱크인 퓨 리서치(Pew Research Center) 연구보고서를 ,https://news.naver.com/main/read.naver?mode=LSD&mid=shm&sid1=104&oid=081&aid=0003269518
104,0013147101,001,연합뉴스,러 유명 록밴드 콘서트장 걸린 푸틴 지지 'Z' 배너에 공연 취소,(블라디보스토크=연합뉴스) 최수호 특파원 = 러시아 유명 록밴드가 무대 주변에 우크라이나 사태 지지를 의미하는 알파벳 'Z'가 사용된 배너가 걸렸다는 이유로 공연을 취소했다고 29일(현지시간) 타스통신과 현지 매체 ,https://news.naver.com/main/read.naver?mode=LSD&mid=shm&sid1=104&oid=001&aid=0013147101
104,0000297332,437,JTBC,"댐 문 열어 러 진격 늦춘 우크라 마을…""우리가 키이우를 구했다""",  우크라이나 수도 키이우의 한 마을이 러시아군의 진격을 늦추기 위해 댐의 문을 열어 마을이 물에 잠겼습니다. 현지시간 27일 뉴욕타임스(NYT)에 따르면 키이우에서 북쪽으로 40km가량 떨어진 데미디우는 러시아가 ,https://news.naver.com/main/read.naver?mode=LSD&mid=shm&sid1=104&oid=437&aid=0000297332
104,0013147085,001,연합뉴스,"""노벨평화상 기자 노린 페인트 공격, 러 정보기관 배후""","美 정보기관 ""러 요원 공격 획책 확인""…근거는 제시안해 (서울=연합뉴스) 이의진 기자 = 미국 정보당국이 작년 노벨평화상 수상자인 러시아 기자를 노린 페인트 공격의 배후를 러시아 정보기관으로 특정했다고 28일(현지",https://news.naver.com/main/read.naver?mode=LSD&mid=shm&sid1=104&oid=001&aid=0013147085
104,0013147067,001,연합뉴스,"[영상] ""민주주의 vs 독재의 싸움""…美무기대여법 바이든 서명만 남아","(서울=연합뉴스) 조 바이든 미국 대통령은 28일(현지시간) 러시아의 침공을 받고 있는 우크라이나를 지원하기 위해 330억 달러(약 42조255억 원) 규모의 예산안을 의회에 추가로 요청했습니다. 또 러시아의 갑작스러운 가스 공급 중단에 따른 유럽의 에너지 위기에 대처하기 위해 한국, 일본, 쿠웨이트 등 국가와 협력하겠다...",https://news.naver.com/main/read.naver?mode=LSD&mid=shm&sid1=104&oid=001&aid=0013147067
104,0004692364,015,한국경제,"다시 시작된 '방산 한류'…""필리핀 첫 잠수함 부대는 한국産으로""",지난 27일 필리핀 마닐라에서 열린 'ADAS(Asian Defense & Security) 2022' 전시회. 필리핀의 델핀 로렌자나 국방장관이 전시회장에 모습을 보이자 세계 각국의 기자들이 한 곳에 몰리면서 북새,https://news.naver.com/main/read.naver?mode=LSD&mid=shm&sid1=104&oid=015&aid=0004692364
104,0013147056,001,연합뉴스,러 우주비행사 우주 유영 중 옛 소련군 사용한 '승리 깃발' 펼쳐,2차 세계대전 당시 나치 독일에 대한 승리 상징 (블라디보스토크=연합뉴스) 최수호 특파원 = 러시아 우주비행사들이 우주 유영 임무 중 2차 세계대전 당시 옛 소련군이 사용한 승리 깃발을 펼쳐 보였다고 29일(현지시간,https://news.naver.com/main/read.naver?mode=LSD&mid=shm&sid1=104&oid=001&aid=0013147056
104,0001028758,215,한국경제TV,"'BTS 듣고 소주 마시는' 유력후보…""필리핀 한류확산 기대""",필리핀 정·부통령 선거에 출마한 유력 후보들이 K팝과 한국 드라마에 각별한 관심을 보이면서 선거 후 한류 확대에 대한 기대감이 커지고 있다. 29일 현지 소식통에 따르면 가장 유력한 부통령 후보인 사라 두테르테(43,https://news.naver.com/main/read.naver?mode=LSD&mid=shm&sid1=104&oid=215&aid=0001028758
104,0013147025,001,연합뉴스,"노배우 사망에 홍콩 호텔격리 논란…당국 ""정책완화 없다""",(홍콩=연합뉴스) 윤고은 특파원 = 홍콩 인기 배우 케네스 창(曾江·증강·87)이 격리 중이던 호텔에서 사망한 사건을 둘러싸고 홍콩의 호텔 격리 정책이 다시 도마 위에 올랐다. '영웅본색' 시리즈 등에 출연한 창은 ,https://news.naver.com/main/read.naver?mode=LSD&mid=shm&sid1=104&oid=001&aid=0013147025
104,0013147010,001,연합뉴스,[영상] 대전차 미사일 먹잇감 된 러 탱크…이제 보니 이유가 있었네,(서울=연합뉴스) 우크라이나를 침공한 러시아군의 전차가 포탑의 설계 결함을 수십년간 방치한 탓에 취약점을 드러내고 있다는 분석이 나왔습니다. 27일(현지시간) 미국 CNN 방송에 따르면 벤 월러스 영국 국방부 장관은 이달 25일 영국 의회에서 우크라이나 침공 후 약 9주간 러시아군이 약 580대의 전차를 손실한 것으로 추...,https://news.naver.com/main/read.naver?mode=LSD&mid=shm&sid1=104&oid=001&aid=0013147010
104,0001733131,052,YTN,"[더뉴스] ""여행객 보면 얼마나 반가운지 몰라요""...현지 가이드에게 듣는 괌 이야기",■ 진행 : 박석원 앵커 ■ 출연 : 전수만 / 괌 현지 가이드 * 아래 텍스트는 실제 방송 내용과 차이가 있을 수 있으니 보다 정확한 내용은 방송로 확인하시기 바랍니다. [앵커] 해외입국자 의무격리 해제로 해외여행,https://news.naver.com/main/read.naver?mode=LSD&mid=shm&sid1=104&oid=052&aid=0001733131
105,0002255441,092,ZDNet Korea,SK바이오사이언스 코로나19 백신 빠르면 6월 허가,국산 코로나19 백신 1호가 이르면 6월 허가될 것으로 보인다. SK바이오사이언스는 개발 중인 코로나19 백신 후보물질 ‘GBP510’의 임상3상 데이터를 성공적으로 확보함에 따라 29일 식품의약품안전처에 품목허가 ,https://news.naver.com/main/read.naver?mode=LSD&mid=shm&sid1=105&oid=092&aid=0002255441
105,0004957264,009,매일경제,인생에 한 번은 무조건 창업을…대학 전공필수로 '창업' 과목 어때요,[Weekend Interview] 'n차 창업가' '스타트업 아버지' 권도균 프라이머 대표 바야흐로 창업가 전성시대다. 팬데믹은 디지털전환(DT) 등 변화를 더 빠른 속도로 앞당겼다. 이를 기회로 삼은 스타트업들도,https://news.naver.com/main/read.naver?mode=LSD&mid=shm&sid1=105&oid=009&aid=0004957264
105,0005203985,018,이데일리,"삼성폰, 애플 제치고 1분기 점유율 1위 ‘탈환’",글로벌 스마트폰 출하량 추이. (자료=카운터포인트리서치) [이데일리 김정유 기자] 삼성전자(005930)가 올 1분기 애플을 제치고 글로벌 스마트폰 시장 점유율 1위를 탈환했다. 29일 시장조사업체 카운터포인트리서치,https://news.naver.com/main/read.naver?mode=LSD&mid=shm&sid1=105&oid=018&aid=0005203985
105,0001984958,016,헤럴드경제,“이것만 있으면 코로나 걱정없다?” 세계가 놀란 ‘물방울’ 한국 상용 임박,[헤럴드경제=구본혁 기자] “이것만 있으면 지하철에서도 코로나 걱정없이 마스크를 벗을 수 있다?” 일본 기술보다 월등한 성능을 갖춘 대기 중 코로나 바이러스를 잡을 수 있는 마법의 물방울 생성 기술 상용화가 추진된다,https://news.naver.com/main/read.naver?mode=LSD&mid=shm&sid1=105&oid=016&aid=0001984958
105,0002255437,092,ZDNet Korea,침으로 검사하는 코로나19 자가키트 첫 허가,타액으로 코로나19 감염 확인이 가능한 자가검사키트가 허가됐다. 식품의약품안전처는 국내 처음으로 개인이 직접 타액(침)을 검체로 사용해 바이러스 감염 여부를 확인하는 항원검사 방식의 코로나19 자가검사키트 1개 제품,https://news.naver.com/main/read.naver?mode=LSD&mid=shm&sid1=105&oid=092&aid=0002255437
105,0006062447,421,뉴스1,위메이드vs넷마블vs블리자드…올해 상반기 '신작 대격돌' 벌어진다,"(서울=뉴스1) 김근욱 기자 = 올해 상반기 게임사 위메이드와 넷마블, 블리자드가 각사의 자존심을 건 야심작을 잇달아 출시하면서 게임업계에 '신작 대격돌'이 벌어질 전망이다. 먼저 위메이드는 자사의 대표작 '미르의 ",https://news.naver.com/main/read.naver?mode=LSD&mid=shm&sid1=105&oid=421&aid=0006062447
105,0004828657,014,파이낸셜뉴스,NFT 해킹 주의보...오픈씨·BAYC 다 뚫렸다,"[파이낸셜뉴스] 대체불가능한토큰(Non-Fungible Tokens, NFT) 시장이 커지면서 해킹 위협이 급증하고 있다. 오픈씨(OpenSea), 지루한원숭이들의요트클럽(Bored Ape Yacht Club·BAY",https://news.naver.com/main/read.naver?mode=LSD&mid=shm&sid1=105&oid=014&aid=0004828657
105,0000810203,366,조선비즈,"삼성 반도체 훨훨 나는데…인텔, 1분기 매출 전년比 7% 뚝뚝","삼성전자, 메모리 수요에 반도체 역대 최고 실적 인텔은 PC 수요 줄어들면서 1분기 실적 뒷걸음질 파운드리 앞세운 인텔에 美 정부 적극 지원 삼성전자 반도체 사업이 올해 1분기 견조한 메모리 수요에 힘입어 역대 최고",https://news.naver.com/main/read.naver?mode=LSD&mid=shm&sid1=105&oid=366&aid=0000810203
105,0000810199,366,조선비즈,"“SK바이오, 믿기지 않는 연봉 인상률” 소식에…제약업계 술렁",22일 연봉동의서 통지 후 서버 먹통 “40분 동안 2000번 이상 접속” 업계 “사상 최대 실적 비교해 연봉은 적게 오른 듯” 국내 대기업 연봉 협상이 한창인 29일 제약바이오업계에서는 SK바이오사이언스(30244,https://news.naver.com/main/read.naver?mode=LSD&mid=shm&sid1=105&oid=366&aid=0000810199
105,0002599466,119,데일리안,[단독] 강신웅 티캐스트 대표 보직해임…매각 재추진 가시화,"[데일리안 = 김은경 기자] 태광그룹의 방송채널사용사업자(PP) 티캐스트의 강신웅 대표가 보직에서 해임됐다. 29일 관련업계에 따르면 태광그룹은 전날 강 대표와 이영국 상무, 김용호 미디어컨설팅본부장(상무)을 보직에",https://news.naver.com/main/read.naver?mode=LSD&mid=shm&sid1=105&oid=119&aid=0002599466
105,0000038932,293,블로터,"[단독]'서버 오류' 해명한&#160;발란, '네고왕' 업데이트 이전 가격 인상","국내 명품 커머스 업체 '발란'이 유튜브 방송 '네고왕' 방송과 관련한 할인 쿠폰을 적용하기 전 미리 상품 가격을 인상했다는 의혹이 제기된 가운데, 웹 및 애플리케이션 등 업데이트 과정에서 오류가 발생한 것이라고 해",https://news.naver.com/main/read.naver?mode=LSD&mid=shm&sid1=105&oid=293&aid=0000038932
105,0001984930,016,헤럴드경제,“이게 엄청나네” 삼성 ‘반도체+휴대폰’ 합쳐도 아이폰만 못해!,"[헤럴드경제=박세정 기자] 애플의 질주가 이어지고 있다. 아이폰 ‘비수기’에도 불구하고 애플은 1분기 역대 최대 매출 기록을 갈아치웠다. 삼성전자의 스마트폰, 반도체 매출을 모두 합쳐도 아이폰 매출에 못 미친다. 애",https://news.naver.com/main/read.naver?mode=LSD&mid=shm&sid1=105&oid=016&aid=0001984930
105,0002732069,029,디지털타임스,후배사랑 실천한 `KAIST 전산학부 동문 17인`…크래프톤 재직자로 1억원 기부,"KAIST, 17명 전산학부 후배 위해 기부 행렬 학생회, 동아리, 학부 장학금 등 활용 예정 국내 게임기업인 크래프톤에 근무하고 있는 KAIST 동문 17명이 '기부 천사'에 이름을 올렸다. KAIST는 크래프톤에",https://news.naver.com/main/read.naver?mode=LSD&mid=shm&sid1=105&oid=029&aid=0002732069
105,0000810181,366,조선비즈,"삼성전자, 올해 임금 인상률 9% 확정…대졸 초임 5150만원",삼성전자 노사가 2022년 평균 임금 인상률 9%에 최종 합의했다. 29일 전자 업계에 따르면 삼성전자 노사협의회는 이날 직원 공지문을 통해 2022년 전 사원의 평균 임금 인상률이 9%로 결정됐다고 밝혔다. 이는 ,https://news.naver.com/main/read.naver?mode=LSD&mid=shm&sid1=105&oid=366&aid=0000810181
105,0003269533,081,서울신문,"[아하! 우주] 선명한 이미지!…제임스웹 우주망원경, ‘완벽한 초점’ 맞췄다",[서울신문 나우뉴스] 제임스웹 우주망원경이 마침내 거울 정렬작업을 완벽히 마무리하며 최상의 선명한 심우주 이미지를 잡아내는 데 성공했다. 미 항공우주국(NASA)은 28일(현지시간) 제임스웹 우주망원경이 탑재한 네 ,https://news.naver.com/main/read.naver?mode=LSD&mid=shm&sid1=105&oid=081&aid=0003269533
105,0000808663,417,머니S,"세계 스마트폰 시장, 1분기 7% 역성장… 코로나에 러-우크라 전쟁까지 '이중고'","세계 스마트폰 시장이 올해 1분기(1~3월) 7% 역성장을 기록하며 힘든 시기를 보내고 있다. 신종 코로나바이러스 감염증(코로나19) 리스크가 여전한 가운데 러시아의 우크라이나 침공으로 원자잿값과 물류비 상승, 부품",https://news.naver.com/main/read.naver?mode=LSD&mid=shm&sid1=105&oid=417&aid=0000808663
105,0002123774,138,디지털데일리,"테슬라 폭락 주범 알고봤더니…일론 머스크,  440만주 매각해 39.9억 달러 마련",테슬라의 일론 머스크 최고경영자(CEO)가 자신의 테슬라 보유지분 440만주를 매각해 39억9000만달러(한화 약 5조원)의 현금을 확보한 것으로 미국 증권업계의 분석 결과 나타났다고 28일(현지시간) 로이터통신 등,https://news.naver.com/main/read.naver?mode=LSD&mid=shm&sid1=105&oid=138&aid=0002123774
105,0002255422,092,ZDNet Korea,치약 짜듯 빠르고 반듯하게...3D 프린터로 집 짓는다,"X축(가로) 6m, Y축(세로) 5m, Z축(높이) 4m 짜리 대형 3D프린터가 황토 반죽을 치약 짜듯이 출력한다. 20시간을 쉬지 않고 움직여 무언가를 만든다. 누군가 들어가 따뜻하게 몸을 누울 이 곳의 크기는 가",https://news.naver.com/main/read.naver?mode=LSD&mid=shm&sid1=105&oid=092&aid=0002255422
105,0011154542,003,뉴시스,"삼성, 세계 스마트폰 점유율 1위 탈환…전체 시장은 7% 역성장","기사내용 요약 삼성, 1분기 출하량 7400만대…점유율 23% 기록 애플은 5900만대로 2위…전 분기 대비 28% 감소 공급망 이슈 등으로 전체 시장 규모 전년比 7%↓ [서울=뉴시스]윤현성 기자 = 지난해 4분기",https://news.naver.com/main/read.naver?mode=LSD&mid=shm&sid1=105&oid=003&aid=0011154542
105,0000672363,469,한국일보,"역대급 실적에도 웃지 못한 애플, 공급망 문제 대두되면서 주가는 급락",글로벌 정보기술(IT) 업계 공룡인 애플이 올해 1분기에 인플레이션 악재 등에도 불구하고 '깜짝실적(어닝서프라이즈)'를 가져왔다. 주력인 아이폰과 온라인장터인 앱스토어 등에서 선전한 결과다. 하지만 신종 코로나바이러,https://news.naver.com/main/read.naver?mode=LSD&mid=shm&sid1=105&oid=469&aid=0000672363
105,0000672362,469,한국일보,"삼성전자 노사, 올해 임금인상률 9% 최종 합의…대졸 신입 초봉 5,150만원",삼성전자 노사가 2022년 임직원 평균 임금인상률을 9%로 결정했다. 29일 업계에 따르면 삼성전자 노사협의회는 이날 오전 노사가 연내 사원의 평균 임금인상률을 9%로 합의했다는 내용을 임직원들에게 공지했다. 노사협,https://news.naver.com/main/read.naver?mode=LSD&mid=shm&sid1=105&oid=469&aid=0000672362
105,0004048337,011,서울경제,"""연봉 1000만원 인상"" 웹젠 노조, 2일 파업 보류",[서울경제] 게임 업계 최초로 파업을 예고했던 웹젠(069080) 노동조합이 쟁의활동을 일단 보류하기로 했다. 29일 업계에 따르면 웹젠 노조는 다음달 2일 국회 문화체육관광위원회·환경노동위원회 공동 주최로 열리는 ,https://news.naver.com/main/read.naver?mode=LSD&mid=shm&sid1=105&oid=011&aid=0004048337
105,0002123773,138,디지털데일리,"카카오페이, ‘5월 보호예수해제 7625만주’… 과연 ‘물량 폭탄’으로 돌변할까","29일 한국예탁결제원은 상장주식 총 40개사 2억7512만주가 5월 중에 의무보유등록(보호예수, Lock-up)에서 해제될 예정이라고 밝혔다. 코스피 4개사 1억747만주, 코스닥 36개사 1억6766만주가 5월중에",https://news.naver.com/main/read.naver?mode=LSD&mid=shm&sid1=105&oid=138&aid=0002123773
105,0002123769,138,디지털데일리,1분기 스마트폰 시장 3억2800만대…부품난·러시아 탓 ‘역성장’,"- 전년비 7% 감소…2분기에는 부품난 일부 완화 - 삼성전자, 점유율 23%로 1위…7400만대 출하 [디지털데일리 백승은 기자] 올 1분기 세계 스마트폰 시장이 전년동기대비 한자릿수 감소세를 보였다. 지속적인 부",https://news.naver.com/main/read.naver?mode=LSD&mid=shm&sid1=105&oid=138&aid=0002123769
105,0002123768,138,디지털데일리,"오라클 “온프레미스 데이터센터의 대체, OCI는 준비가 돼 있다”",[디지털데일리 이종현기자] 클라우드가 정보기술(IT) 업계의 주요 트렌드가 된지 오래다. 다만 여전히 많은 기업들은 주요 워크로드를 온프레미스 데이터센터에서 운용하고 있다. 규제로 인해 어쩔 수 없는 경우도 있지만 ,https://news.naver.com/main/read.naver?mode=LSD&mid=shm&sid1=105&oid=138&aid=0002123768
105,0000669532,031,아이뉴스24,호시절 끝났네…게임사들 하나둘 정상 출근 전환,코로나19 확산 방지를 위해 2년여간 시행한 재택 근무 체제를 마치고 속속 정상 출근제로 전환하는 게임사들이 하나둘 나오고 있다. 재택과 출근을 병행하는 하이브리드 방식을 택한 업체들도 적지 않아 코로나19가 바꿔놓,https://news.naver.com/main/read.naver?mode=LSD&mid=shm&sid1=105&oid=031&aid=0000669532
105,0003013793,030,전자신문,삼성전자 협력업체 이재용 부회장 특별사면복권 청와대에 청원,"삼성전자 협력업체와 중소 전자업체가 이재용 삼성전자 부회장의 특별사면복권 청원서를 청와대와 법무부에 제출했다. 최근 글로벌 인플레이션 공포와 함께 러시아-우크라이나 전쟁, 중국의 경제위기 등 수많은 리스크가 세계 경",https://news.naver.com/main/read.naver?mode=LSD&mid=shm&sid1=105&oid=030&aid=0003013793
105,0000669531,031,아이뉴스24,"""택시 대란 이유 있다""…호출 폭증하는데, 택시 기사 수는 줄어",지난 18일 사회적 거리두기 해제를 전후로 택시 호출량이 급증한 것으로 확인됐다. 코로나19 팬데믹(세계적 대유행)에서 엔데믹(감염병 주기적 유행) 기조로 접어들었다는 사회적 심리 작용으로 이동 수요가 폭발한 것으로,https://news.naver.com/main/read.naver?mode=LSD&mid=shm&sid1=105&oid=031&aid=0000669531
105,0006061754,421,뉴스1,운동으로 돈버는 앱 '게임법 족쇄' 피했다… 'M2E' 신세계 성큼(종합),"(서울=뉴스1) 김근욱 기자 = 게임물관리위원회(게임위)가 IT업계의 화두로 떠오른 '돈버는 앱' 스테픈(STEPN)에 대해 ""게임이 아니다""는 결정을 내리면서 M2E(Move to Earn·운동하고 돈버는 앱)의 ",https://news.naver.com/main/read.naver?mode=LSD&mid=shm&sid1=105&oid=421&aid=0006061754
105,0002123766,138,디지털데일리,"‘디지털헬스케어’ 겨냥한 네이버-카카오, 공략법은 다르다","[디지털데일리 최민지기자] GIA(Global Industry Analysts) 보고서에 따르면, 글로벌 디지털 헬스케어 시장은 2020년 1525억달러(한화 약 194조1170억원) 규모에서 연평균 성장률 18.8",https://news.naver.com/main/read.naver?mode=LSD&mid=shm&sid1=105&oid=138&aid=0002123766
105,0002255415,092,ZDNet Korea,[뭐볼래] OTT 타고 떠나는 동심여행,TV 만화만 봐도 행복했던 시절이 있었다. 특히 MZ세대라면 학교를 마치고 집에 돌아와서 TV 속 주인공과 함께 악당을 물리치고 포켓몬을 잡으러 갔던 기억들이 있을 것이다. 당시의 아이들은 이제 사회생활을 하는 어른,https://news.naver.com/main/read.naver?mode=LSD&mid=shm&sid1=105&oid=092&aid=0002255415
105,0002255413,092,ZDNet Korea,"SK이노, 영업익 1조 6491억…정제 마진 급등에 시장 기대 'UP'","SK이노베이션이 정제 마진 급등에 힘 입어 시장 기대치를 웃도는 실적을 기록했다. SK이노베이션은 2022년 1분기 실적 발표에서 매출액 16조 2천615억원, 영업이익 1조6천491억원을 달성했다고 29일 밝혔다.",https://news.naver.com/main/read.naver?mode=LSD&mid=shm&sid1=105&oid=092&aid=0002255413
105,0002255412,092,ZDNet Korea,"삼성, 1분기 스마트폰 시장서 애플 제치고 1위 탈환","삼성전자가 갤럭시S22 시리즈 호조로 1분기 전세계 스마트폰 출하량 1위를 기록했다. 지난 4분기 애플에게 내줬던 1위를 탈환한 것이다. 한편, 코로나19로 인한 중국 봉쇄의 영향으로 삼성전자를 비롯한 주요 스마트폰",https://news.naver.com/main/read.naver?mode=LSD&mid=shm&sid1=105&oid=092&aid=0002255412
105,0002255411,092,ZDNet Korea,"일론 머스크, 테슬라 주식 5조원 어치 팔았다","일론 머스크 테슬라 최고경영자(CEO)가 보유하고 있던 테슬라 주식 440만 주, 약 40억 달러(약 5조 800억원)어치를 매도했다고 테크크런치 등 외신들이 보도했다. 일론 머스크 테슬라 최고경영자. 일론 머스크가",https://news.naver.com/main/read.naver?mode=LSD&mid=shm&sid1=105&oid=092&aid=0002255411
105,0002123761,138,디지털데일리,"[단통법8년]&lt;하&gt;위기의 단통법, GO냐 STOP이냐 ‘기로’","[디지털데일리 강소현 기자] 시행 8주년을 맞은 단말기유통구조개선법(단통법)이 올해도 존폐의 기로에 섰다. 그 이름처럼 투명한 유통질서를 확립하기 위해 시행됐지만, 지난 8년 동안 정작 소비자 차별을 야기한 유통구조",https://news.naver.com/main/read.naver?mode=LSD&mid=shm&sid1=105&oid=138&aid=0002123761
105,0002123759,138,디지털데일리,"글로벌 투자은행 골드만삭스, '비트코인' 담보로 대출 파격",[디지털데일리 박세아 기자] 이제부터 골드만삭스에서 비트코인(BTC)을 담보로 대출받을 수 있다. 다국적 투자은행이 차용인을 상대로 소유한 비트코인을 담보로 현금을 빌려주는 것은 역사상 처음이다. 28일(현지시간) ,https://news.naver.com/main/read.naver?mode=LSD&mid=shm&sid1=105&oid=138&aid=0002123759
105,0005082054,277,아시아경제,"P2E 진출 게임업계 내우외환…한국은 불법, 애플은 앱스토어서 퇴출","국내 주요 게임업체들이 앞다퉈 P2E(Paly to Earn) 게임 시장 진출에 나서고 있는 가운데, 애플이 게임 내 대체불가능(NFT)과 암호화폐 생성 과정을 암호화폐 채굴 행위로 규정하고 관련 게임들의 앱스토어 ",https://news.naver.com/main/read.naver?mode=LSD&mid=shm&sid1=105&oid=277&aid=0005082054
105,0004739655,008,머니투데이,"""직원도 사장도 기업가정신""…美 실리콘밸리 원천, 결국 '사람'","[[2022 키플랫폼] 로만 박 블랙마운틴벤처스 대표 ""직원 보상체계 '스톡옵션' 잘 만들어라""] 미국 실리콘밸리의 벤처캐피털(VC) 전문가가 한국이 스타트업 열풍을 만들어가려면 기업 내 '스톡옵션' 시스템을 잘 만",https://news.naver.com/main/read.naver?mode=LSD&mid=shm&sid1=105&oid=008&aid=0004739655
105,0002511855,021,문화일보,인수위 ‘5G 중간 요금제’ 추진… 이통업계 ‘딜레마’,데이터 평균이용량 따라 다양화 요금 체계 전반에 영향 불가피 이통 3사 지난해 역대급 이익 AI 등 탈통신 사업에 주로 투자 시설 미비·추가 투자 부담 고민 대통령직인수위원회가 5세대(5G) 이동통신 ‘중간요금제’ ,https://news.naver.com/main/read.naver?mode=LSD&mid=shm&sid1=105&oid=021&aid=0002511855
105,0003269487,081,서울신문,"허블우주망원경, 일부 외계행성의 ‘극고온’ 이유 알아냈다","[서울신문 나우뉴스] 미 항공우주국(NASA)의 허블우주망원경이 수백 시간 동안 관찰한 결과를 분석한 결과, 일부 외계행성을 엄청나게 뜨겁게 만드는 원인이 밝혀졌다. 새로운 연구에서 국제공동연구팀은 목성형 외계행성인",https://news.naver.com/main/read.naver?mode=LSD&mid=shm&sid1=105&oid=081&aid=0003269487
